"Fiber_name","PC1_lesser","psig"
"f1",-0.0340673372851702,0
"f2",0.0417320518587364,0
"f3",-0.00461873914589414,0
"f4",-0.000325160977167595,0
"f5",-0.0991557690089232,0
"f6",-0.0248769662863088,0
"f7",0.0075588383733981,0
"f8",0.0117863416826095,0
"f9",0.0172335066613601,0
"f10",-0.101377162388919,0
"f11",0.0329391076558728,0
"f12",0.0218570053610994,0
"f13",0.158397376411696,0
"f14",-0.0327796216693104,0
"f15",-0.0564198995311548,0
"f16",0.0507121849101471,0
"f17",0.0423337184940053,0
"f18",-0.00562993518684072,0
"f19",0.015578076196967,0
"f20",0.0598137243154741,0
"f21",0.0447389943261092,0
"f22",0.0294960899625851,0
"f23",0.0265106723458212,0
"f24",0.0366389601516379,0
"f25",0.0622761573935377,0
"f26",-0.0418841757002348,0
"f27",-0.04988782457631,0
"f28",-0.0586943210845254,1
"f29",-0.0562216536242931,0
"f30",0.00243753175801657,0
"f31",-0.0457668287278367,0
"f32",-0.0156113168234863,0
"f33",0.000623853278587949,0
"f34",-0.0296692450590903,0
"f35",-0.031626972740801,0
"f36",0.0247387278851108,0
"f37",-0.000758988114462924,0
"f38",-0.0090779860913359,0
"f39",-0.0297896543747375,0
"f40",-0.0262483281662666,0
"f41",-0.0572637339828244,0
"f42",-0.0797143865069344,0
"f43",-0.00748226710634012,0
"f44",-0.0315519358401004,0
"f45",-0.0646170750857718,0
"f46",-0.0838218185926352,1
"f47",-0.0630346965806216,0
"f48",0.0530985688676975,0
"f49",0.0315871653720122,0
"f50",0.024822083026439,0
"f51",-0.0850556563502699,0
"f52",-0.128070142923832,1
"f53",0.0151004374079186,0
"f54",-0.0479465966331481,0
"f55",-0.0739368426247482,0
"f56",-0.072851067253475,0
"f57",-0.107702293796326,1
"f58",-0.0342658193818337,0
"f59",-0.0747212810695476,0
"f60",-0.0818475991983908,0
"f61",-0.0922240427777136,0
"f62",-0.0408560623070994,0
"f63",-0.0800752298493899,0
"f64",-0.109016553611346,0
"f65",-0.111855763687905,0
"f66",-0.0680109302435324,0
"f67",-0.0318512201224671,0
"f68",-0.0914166769756097,0
"f69",-0.166097469766071,1
"f70",-0.171063564465751,1
"f71",-0.135591234076473,0
"f72",-0.0303632849434016,0
"f73",-0.0958053872634949,0
"f74",-0.120334835494633,0
"f75",-0.171241724120518,0
"f76",-0.162994839282247,1
"f77",-0.15513694090747,0
"f78",-0.0831185980894062,0
"f79",-0.064375489911081,0
"f80",-0.0579070165095381,0
"f81",-0.115644463801308,0
"f82",-0.0742905329417572,0
"f83",-0.138421899884178,0
"f84",-0.133934608315609,0
"f85",-0.117043745307315,0
"f86",-0.135791457417618,0
"f87",-0.136543458237696,0
"f88",-0.0887303353965728,0
"f89",-0.102764079906604,0
"f90",-0.0719576143056899,0
"f91",-0.120645261904079,0
"f92",-0.122815299110989,0
"f93",-0.0898812472197658,0
"f94",-0.0766039680539304,0
"f95",-0.0758424535928063,0
"f96",-0.0830453424865188,0
"f97",-0.0838608233310288,0
"f98",-0.106687778832314,0
"f99",-0.0913665667351346,0
"f100",-0.0842962939708615,0
"f101",-0.0972397006582016,0
"f102",-0.0710027035891829,0
"f103",-0.0685302829633898,0
"f104",-0.0956386666764315,0
"f105",-0.0651860415484431,0
"f106",-0.0199816588671402,0
"f107",-0.00316896515982276,0
"f108",0.00906200036106075,0
"f109",-0.032462533322189,0
"f110",-0.0410829255380229,0
"f111",-0.0146420197947588,0
"f112",-0.0109522543105722,0
"f113",-0.00325165789120319,0
"f114",-0.0257669209492046,0
"f115",-0.0119201718936918,0
"f116",-0.0262510476187767,0
"f117",-0.0232494496002577,0
"f118",-0.026528687232345,0
"f119",0.00998259085669159,0
"f120",-0.0667663782171986,0
"f121",-0.0899315597974463,0
"f122",-0.0306446642054513,0
"f123",-0.0148616738152897,0
"f124",-0.0150867315265734,0
"f125",-0.0166718044304029,0
"f126",-0.0205500331794808,0
"f127",-0.016910729140103,0
"f128",-0.0183855434674167,0
"f129",-0.0106508531334421,0
"f130",-0.022424818874513,0
"f131",-0.0357031227509253,0
"f132",-0.0348011259189376,0
"f133",-0.0350061687533639,0
"f134",-0.0206868301159751,0
"f135",-0.0525685063820442,0
"f136",-0.000445872659237198,0
"f137",0.00934893030889293,0
"f138",-0.0125100128863238,0
"f139",0.0301506688450184,0
"f140",-0.00412057526014475,0
"f141",-0.0702322251181777,0
"f142",-0.0742781985847766,0
"f143",-0.0111647149583271,0
"f144",-0.00340362534174816,0
"f145",0.00412059592771095,0
"f146",0.0696862379264322,0
"f147",-0.0313004972605802,0
"f148",-0.0871794804107178,1
"f149",-0.0817315821051411,0
"f150",-0.0646308656709065,0
"f151",0.0325602847635398,0
"f152",0.00219890128836633,0
"f153",-0.0540572095972003,0
"f154",-0.0682870578479886,0
"f155",0.0299165547187611,0
"f156",-0.0214599350160333,0
"f157",-0.0312916822691592,0
"f158",-0.0494500526237379,0
"f159",-0.0456196193286854,0
"f160",-0.0267885998235733,0
"f161",0.0158485653634329,0
"f162",-0.0125124487625493,0
"f163",-0.0637534719409883,0
"f164",-0.0479107535074805,0
"f165",-0.0596691400262992,0
"f166",0.0339480590292566,0
"f167",-0.0333659673563178,0
"f168",-0.0362850929165071,0
"f169",-0.0405952018315023,0
"f170",-0.060455261908023,0
"f171",-0.0563799541602525,0
"f172",-0.0532856212856522,0
"f173",-0.0351889748174377,0
"f174",-0.09909373499789,0
"f175",-0.0857107406586804,0
"f176",-0.101952528322535,0
"f177",-0.0328744571383164,0
"f178",-0.0818213046074486,0
"f179",-0.0970051925311189,0
"f180",-0.068385373950263,0
"f181",-0.104606395972197,0
"f182",-0.0693773476931866,0
"f183",-0.117833005134774,0
"f184",-0.0476344902928928,0
"f185",-0.021671500738399,0
"f186",-0.0836336436105017,0
"f187",-0.0700963748688016,0
"f188",-0.0276871496976983,0
"f189",-0.0542657284496567,0
"f190",-0.086605884730464,0
"f191",-0.0649339750646968,0
"f192",-0.0727425831660249,0
"f193",-0.0607539846128788,0
"f194",-0.00138844373034714,0
"f195",-0.0155999581035807,0
"f196",-0.0913514376232784,0
"f197",-0.071678696765856,0
"f198",-0.0644066089144632,0
"f199",-0.0235736673501767,0
"f200",-0.0953166709008047,1
"f201",-0.0482692925511935,1
"f202",-0.0330542264772553,0
"f203",0.0118662935739952,0
"f204",-0.0203319224628551,0
"f205",-0.0891735427214598,0
"f206",-0.0717189709409352,0
"f207",-0.0144403114316689,0
"f208",-0.0793235150016288,1
"f209",-0.0623193941637081,0
"f210",-0.0654178185566957,0
"f211",-0.0185548178088024,0
"f212",-0.046523853256989,0
"f213",-0.0763460109586341,0
"f214",-0.0365103500883795,0
"f215",-0.0244652674023406,0
"f216",-0.031128757012206,0
"f217",-0.0559796660149,0
"f218",-0.0433175058382094,0
"f219",-0.00504869728225289,0
"f220",-0.0211841867657363,0
"f221",-0.0366122515343829,0
"f222",-0.0477178998439294,0
"f223",-0.0348368988740867,0
"f224",-0.00456794695101072,0
"f225",0.00272227111893441,0
"f226",-0.0216599639295873,0
"f227",-0.0181707001439902,0
"f228",0.0634288800368171,0
"f229",-0.0209572891412898,0
"f230",-0.0127807843986896,0
"f231",-0.0140252029391348,0
"f232",-0.00116366883813009,0
"f233",-0.069792904933875,0
"f234",-0.0457656889947989,0
"f235",-0.0219079438399144,0
"f236",0.0292908452188683,0
"f237",-0.0293018515305258,0
"f238",-0.0107346270866978,0
"f239",-0.00929705654709511,0
"f240",0.0119666422443447,0
"f241",-0.021032895478471,0
"f242",-0.0765269466804443,0
"f243",-0.0450685885131243,0
"f244",-0.0162247040402999,0
"f245",-0.0287774283598304,0
"f246",-0.0139221051736563,0
"f247",0.00666925533271725,0
"f248",-0.0134008741154413,0
"f249",0.00128523427234937,0
"f250",-0.0101297193447188,0
"f251",-0.0236510935247717,0
"f252",-0.0331221816619857,0
"f253",0.00209442077607138,0
"f254",-0.0207567337044263,0
"f255",0.0241709084957871,0
"f256",-0.0261383659339593,0
"f257",0.00943594643334983,0
"f258",0.0301528451231592,0
"f259",-0.0140962088008828,0
"f260",-0.0234636287689507,0
"f261",0.0643697364853254,0
"f262",-0.0149112969968709,0
"f263",-0.0634288312375804,0
"f264",-0.0309343110391964,0
"f265",0.0135864277245003,0
"f266",0.0161536525997258,0
"f267",-0.0400883566372861,0
"f268",0.0224037213674921,0
"f269",-0.0603569346722559,0
"f270",-0.0678150793077179,0
"f271",0.0053077910171185,0
"f272",0.0206586537593073,0
"f273",-0.0268845851523446,0
"f274",-0.0410887167977918,0
"f275",0.0294245189966565,0
"f276",-0.00354913119682971,0
"f277",-0.0289100515828054,0
"f278",-0.0301889968448702,0
"f279",-0.0347879996552778,0
"f280",-0.00478364750554261,0
"f281",-0.0511086310507905,0
"f282",0.0397979492812971,0
"f283",-0.0164286728474268,0
"f284",0.0343506985044632,0
"f285",0.00784515502138252,0
"f286",-0.0670397931141879,0
"f287",-0.102772570095379,0
"f288",0.0167308347512606,0
"f289",-0.0678274249474475,0
"f290",-0.0649473108603576,0
"f291",-0.0250393443543438,0
"f292",-0.0706496953135045,1
"f293",-0.0248467555748736,0
"f294",-0.0565650538757959,0
"f295",-0.0562952538931976,0
"f296",-0.00449339737724745,0
"f297",-0.0568700373069881,0
"f298",-0.0857094631313001,0
"f299",-0.0122118346696985,0
"f300",0.0348550594331923,0
"f301",-0.0180683367682848,0
"f302",0.0262008015354853,0
"f303",0.0347229322220614,0
"f304",-0.0854097848344759,0
"f305",-0.0586868193390794,0
"f306",-0.0473638690954815,0
"f307",-0.0048578757842938,0
"f308",0.0645013788648773,0
"f309",-0.0696290503619936,0
"f310",-0.0272481526267193,0
"f311",0.00958646221911243,0
"f312",-0.00706706102411116,0
"f313",-0.00880581184673831,0
"f314",0.00712140325968877,0
"f315",0.0243105971332442,0
"f316",-0.0382152973465455,0
"f317",-0.0246814864291468,0
"f318",-0.0140244154380602,0
"f319",-0.00678548610153599,0
"f320",0.00208984592431568,0
"f321",0.00481973145372156,0
"f322",-0.0291221324535574,0
"f323",-0.0377809677288239,0
"f324",0.027751841786009,0
"f325",-0.0195019143730419,0
"f326",-0.0421687204785592,0
"f327",-0.00607054564020231,0
"f328",0.0161280167659143,0
"f329",-0.0162187706243591,0
"f330",-0.0232298972196377,0
"f331",-0.0283549069779118,0
"f332",-0.0493881150351146,0
"f333",-0.0303455585061282,0
"f334",0.0126256210202251,0
"f335",-0.00245652059567608,0
"f336",-0.0204168296105391,0
"f337",-0.044736885951816,1
"f338",-0.0355574847590433,0
"f339",-0.0684855274066593,0
"f340",-0.0207676958511763,0
"f341",0.00151244424109294,0
"f342",-0.00721074527836498,0
"f343",-0.0237636896401364,0
"f344",-0.0253472156241727,0
"f345",-0.0466822495644577,0
"f346",-0.101480188356347,1
"f347",-0.0676603147709865,0
"f348",-0.0396097084008087,0
"f349",-0.0165429347576479,0
"f350",-0.0163187972417395,0
"f351",-0.0606241898857243,1
"f352",-0.0807149017900492,1
"f353",-0.0727883054952715,0
"f354",-0.0415938339617614,0
"f355",-0.0113053934093006,0
"f356",-0.0734047527005512,1
"f357",-0.0782924340640543,1
"f358",-0.0146180779132097,0
"f359",-0.00243279642009195,0
"f360",-0.000418817795160724,0
"f361",-0.067574556810675,1
"f362",-0.0497237036494786,0
"f363",-0.0411434500783547,0
"f364",-0.0162267713483839,0
"f365",-0.0287997694091953,0
"f366",-0.0568808817048847,0
"f367",-0.028955924633837,0
"f368",-0.0332974618302825,0
"f369",-0.0210755142183418,0
"f370",-0.0763355072800892,1
"f371",-0.0108026334601604,0
"f372",-0.0587779472801147,0
"f373",-0.0245805846382239,0
"f374",-0.0417625895479886,0
"f375",-0.0454391777492627,0
"f376",0.0143691229869057,0
"f377",-0.0206380800584006,0
"f378",-0.0330009125768525,0
"f379",-0.100001014694924,1
"f380",0.0229617160313282,0
"f381",0.0831128592985117,0
"f382",-0.0122112299173627,0
"f383",0.0366532539345003,0
"f384",-0.0173981709409092,0
"f385",0.00813390930507342,0
"f386",0.0426012767781505,0
"f387",0.0197946835145666,0
"f388",-0.0142236488325822,0
"f389",0.0230130601270024,0
"f390",0.0649505707885587,0
"f391",0.0457075439302714,0
"f392",0.0475306591675591,0
"f393",0.071167793837644,0
"f394",0.00590279306479941,0
"f395",0.0219912466805127,0
"f396",0.0729795340063088,0
"f397",0.061610368057952,0
"f398",-0.0107177244808311,0
"f399",-0.015450766059096,0
"f400",0.0691567892491964,0
"f401",0.00105808512288286,0
"f402",0.0304096247633501,0
"f403",0.0207413074258458,0
"f404",-0.0364651737097084,1
"f405",0.0454295871712449,0
"f406",0.028761028858335,0
"f407",0.0569036748324687,0
"f408",-0.022353479017975,0
"f409",0.0762355312048527,0
"f410",-0.0244166337743249,0
"f411",-0.0352815754968031,1
"f412",0.0127529337383053,0
"f413",0.0362252511822089,0
"f414",0.0578536434301398,0
"f415",0.00990679488125612,0
"f416",-0.0287266608170751,0
"f417",-0.0172675576526808,0
"f418",0.0128457790018718,0
"f419",-0.0146317060255291,0
"f420",-0.00997113325899056,0
"f421",-0.0167119732872449,0
"f422",0.0185524745383911,0
"f423",-0.0410304262029186,1
"f424",-0.0456189481677683,1
"f425",-0.0238322089889275,0
"f426",0.000625144562076967,0
"f427",-0.0359616584402945,1
"f428",-0.0512812177101499,1
"f429",-0.031121298978255,1
"f430",-0.0116528007357376,0
"f431",-0.0382218558310285,0
"f432",-0.0247868337552125,0
"f433",-0.0202357527433672,0
"f434",-0.00176836485961758,0
"f435",-0.0190439332510871,0
"f436",-0.0267639146195725,0
"f437",-0.0350562019302676,1
"f438",-0.0300331175532061,1
"f439",-0.0173935019456727,0
"f440",-0.0330754577521967,0
"f441",-0.0529814559794431,0
"f442",-0.00378695820943764,0
"f443",0.0162111308335353,0
"f444",0.00984164461930749,0
"f445",-0.0267052760007215,0
"f446",-0.0159515949551916,0
"f447",-0.0162085166224009,0
"f448",-0.0538514381485179,0
"f449",-0.0220515789024687,0
"f450",-0.0368294886460525,0
"f451",-0.0290382333669868,0
"f452",-0.0275598066557636,0
"f453",-0.00317861434950913,0
"f454",-0.00232973760317014,0
"f455",-0.0224507490289082,0
"f456",-0.0298929458183326,0
"f457",-0.0172516005179298,0
"f458",-0.0182289481826696,0
"f459",-0.095735963775584,1
"f460",-0.0344379731307052,0
"f461",-0.0174026650655414,0
"f462",-0.00381783210929678,0
"f463",-0.0100845977488485,0
"f464",-0.00109053730917105,0
"f465",-0.00670711571740815,0
"f466",-0.0424806367205297,0
"f467",-0.0624867757193935,1
"f468",-0.0267148497373158,0
"f469",-0.0203050683283404,0
"f470",-0.0120146923136614,0
"f471",-0.0448114337997482,0
"f472",-0.0203617628233757,0
"f473",-0.00325903129876579,0
"f474",-0.00525371703656073,0
"f475",-0.00105216081172689,0
"f476",-0.0112012445665321,0
"f477",-0.0372745917487693,0
"f478",-0.0167457769608126,0
"f479",-0.0329157322205522,0
"f480",0.000755504084028717,0
"f481",-0.0730684161627731,0
"f482",0.0537105564502801,0
"f483",-0.0264790519514342,0
"f484",0.0110528915921696,0
"f485",0.024179358714062,0
"f486",-0.0702085543509029,1
"f487",0.0773954148379427,0
"f488",0.0396993771140261,0
"f489",0.00624301741181298,0
"f490",0.0221293333498268,0
"f491",-0.0268549353999465,0
"f492",0.00436496194885999,0
"f493",0.0299689246725972,0
"f494",-0.0425550308485771,0
"f495",0.0111414471061336,0
"f496",0.0230899546159401,0
"f497",-0.00822078878572995,0
"f498",-0.0102344822351407,0
"f499",0.0223467728988262,0
"f500",-0.00767822839927582,0
"f501",0.00590594729337187,0
"f502",0.000612211478380227,0
"f503",-0.00837844754705901,0
"f504",-0.0841746755729882,0
"f505",0.0100596262166642,0
"f506",-0.028048985416912,0
"f507",-0.00324434910042336,0
"f508",-0.027827061804306,1
"f509",-0.0192276772796378,0
"f510",-0.0521013466539542,1
"f511",-0.0148122275755924,0
"f512",-0.00906693168581633,0
"f513",-0.0345435631939795,1
"f514",-0.00647494012846965,0
"f515",-0.0249152225349972,0
"f516",-0.0395374267967723,1
"f517",-0.00251046105394578,0
"f518",-0.0134817134465847,0
"f519",-0.003458198101264,0
"f520",-0.0244068687523433,0
"f521",0.00769570966615058,0
"f522",-0.00282630724684306,0
"f523",-0.0109997587973354,0
"f524",-0.00424538448693623,0
"f525",-0.0104887287084222,0
"f526",-0.00980284532119582,0
"f527",-0.00640466661413403,0
"f528",-0.00295281311799226,0
"f529",-0.00938837857293535,0
"f530",0.00416816454989905,0
"f531",-0.00820542667644553,0
"f532",-0.019683525350679,0
"f533",-0.0073047517447338,0
"f534",0.00904050508895258,0
"f535",-0.0181663350774707,0
"f536",0.000273700916134023,0
"f537",0.00514992997218425,0
"f538",-0.013612699012049,0
"f539",-0.0207326950540012,0
"f540",-0.00384076742287427,0
"f541",-0.0129206239657968,0
"f542",-0.00630509263574311,0
"f543",0.00278350081904164,0
"f544",-0.00268225000746395,0
"f545",-0.0208728951522673,0
"f546",-0.00802831125200347,0
"f547",-0.0618408998771372,1
"f548",0.00267988863610817,0
"f549",-4.41049661849116e-06,0
"f550",0.00368071470709553,0
"f551",-0.000170208822014957,0
"f552",-0.0350930012246613,0
"f553",-0.013125663746833,0
"f554",-0.000105840070349649,0
"f555",-0.00414264202416471,0
"f556",0.00312805760475462,0
"f557",-0.0360990203659974,0
"f558",-0.00200154577790865,0
"f559",-0.046074755165444,0
"f560",0.0756660496511218,0
"f561",0.0205909058638063,0
"f562",0.0423764750925834,0
"f563",0.0170244482786482,0
"f564",0.0311966116336165,0
"f565",0.0128920311761571,0
"f566",-0.0114152073157449,0
"f567",0.0196676945858846,0
"f568",0.0187005563899251,0
"f569",0.0196098023327595,0
"f570",0.0113418735681734,0
"f571",0.00305523273630664,0
"f572",0.0125067003837671,0
"f573",0.0203612901856618,0
"f574",-0.00571784167536195,0
"f575",-0.0291466952908055,0
"f576",0.0428264875528283,0
"f577",-0.0283699449415229,0
"f578",-0.00790478115640076,0
"f579",0.00275363023292197,0
"f580",-0.0277950672055257,0
"f581",-0.0191915976994156,0
"f582",0.00302005583408906,0
"f583",-0.00500087415125409,0
"f584",0.0216611593896885,0
"f585",0.0291151843750179,0
"f586",-0.0041033283355958,0
"f587",-0.0275153366444955,0
"f588",-0.00961649689609861,0
"f589",-0.0228238480881537,0
"f590",-0.027629816915754,1
"f591",-0.00087766913232733,0
"f592",-0.0182884232284384,0
"f593",-0.0250405851597451,0
"f594",-0.0112008838604948,0
"f595",-0.0175911617079845,0
"f596",0.00788247606010983,0
"f597",-0.00110376302652343,0
"f598",-0.025920425542764,1
"f599",0.000190762716179106,0
"f600",-0.0100401678574999,0
"f601",-0.025880874308682,0
"f602",-0.00577070567466253,0
"f603",-0.00586827076487925,0
"f604",0.00303642127167245,0
"f605",0.00282041855312904,0
"f606",-0.0282515279547002,0
"f607",-0.00778560394780809,0
"f608",-0.00762719570456841,0
"f609",-0.010417995624074,0
"f610",-0.0124590496452298,0
"f611",-0.0152817464261059,0
"f612",-0.00921379952146192,0
"f613",-0.00715913545213484,0
"f614",-0.035307025054398,1
"f615",0.00357606052551584,0
"f616",-0.00608540538819997,0
"f617",-0.0148748212032682,0
"f618",-0.00491260353565127,0
"f619",-0.0045616287602386,0
"f620",-0.00704797565035523,0
"f621",-0.00740753693458884,0
"f622",-0.00307804373181459,0
"f623",-0.0225808833786645,0
"f624",0.0447350209913423,0
"f625",0.0170357791090621,0
"f626",-0.0573455604505316,1
"f627",0.0442142462519946,0
"f628",-0.0223667989897086,0
"f629",0.00785225592661449,0
"f630",0.00228371951622687,0
"f631",0.0119202782604819,0
"f632",-0.00293797385636324,0
"f633",0.0357710888686229,0
"f634",-0.0015936625049898,0
"f635",0.00583221753083917,0
"f636",0.0169054883039654,0
"f637",0.0201504120738874,0
"f638",0.0360426205312213,0
"f639",0.0356218905909048,0
"f640",0.0395881607064114,0
"f641",0.0319556458475347,0
"f642",0.00363798217527081,0
"f643",0.0141614445508951,0
"f644",0.0187367203487352,0
"f645",-0.000627897481272907,0
"f646",0.00363838317540702,0
"f647",-0.00608624061291678,0
"f648",-0.00080360602762055,0
"f649",0.0136872386808597,0
"f650",-0.0125364758538468,0
"f651",-0.0103827306359623,0
"f652",0.0106316108068698,0
"f653",-0.00448937840438033,0
"f654",0.00292474861991995,0
"f655",-0.00447037079780726,0
"f656",-0.00576404315948963,0
"f657",0.00522889816473695,0
"f658",0.0205352910381961,0
"f659",0.00430358276795255,0
"f660",0.00425880749504947,0
"f661",0.00693775790000766,0
"f662",0.0202373710864188,1
"f663",-0.00638301526540406,0
"f664",0.00749053513166625,0
"f665",-0.000862485707206337,0
"f666",0.0109827992957353,0
"f667",0.0151546029506485,0
"f668",0.0146817886774306,0
"f669",0.0224585095194883,0
"f670",0.00741432250199693,0
"f671",0.0282174816747659,0
"f672",0.0194608841900957,0
"f673",-0.00815661254605844,0
"f674",0.0113659022464951,0
"f675",0.0303813006255704,0
"f676",-0.00119525582921864,0
"f677",0.0476614105242299,0
"f678",-0.0236993017759604,0
"f679",-0.0170423759964985,0
"f680",0.00857595488379962,0
"f681",-0.0422797461865873,0
"f682",-0.0141386052112823,0
"f683",-0.023130341929741,0
"f684",0.00273913243585183,0
"f685",-0.000280406876938874,0
"f686",0.00551173075956226,0
"f687",0.0115012755707662,0
"f688",-0.000503500202997153,0
"f689",0.0504565669344665,0
"f690",0.0353869142551708,0
"f691",0.0123450620821558,0
"f692",-0.00484463692953523,0
"f693",0.0239644117312224,0
"f694",-0.00251285096225734,0
"f695",0.00056310579268703,0
"f696",0.0314422499048389,0
"f697",-0.00700923686153001,0
"f698",0.0219286712979283,0
"f699",0.0111318046238723,0
"f700",0.0263219355195826,0
"f701",-0.00893374642454723,0
"f702",0.00068398667945112,0
"f703",0.00315976898989261,0
"f704",0.00785671595791555,0
"f705",-0.00399098389961555,0
"f706",-0.00666763437248321,0
"f707",0.00215215461102008,0
"f708",-0.00366224353545735,0
"f709",-0.00589681971057335,0
"f710",-0.0343233424342577,0
"f711",0.0705246508711432,0
"f712",0.0102722127670875,0
"f713",0.0356261171056969,0
"f714",0.000357437538028307,0
"f715",0.0189139750184335,0
"f716",0.0266402578896297,0
"f717",-0.0334016649516466,0
"f718",0.0125819709812449,0
"f719",0.00560618436468702,0
"f720",0.0319434276932336,0
"f721",0.0283668727166726,0
"f722",0.0118193300905544,0
"f723",0.0103550360202424,0
"f724",-0.00690689196794846,0
"f725",0.00129769472691985,0
"f726",-0.00714249886099561,0
"f727",-0.00908344590551727,0
"f728",-0.0112568799801717,0
"f729",0.0417221349275483,0
"f730",0.00193245334181798,0
"f731",0.00648361295167284,0
"f732",0.040349952485973,0
"f733",-0.0121051003861986,0
"f734",0.0294183190445803,0
"f735",0.0134668905309321,0
"f736",0.0103567394444758,0
"f737",0.0255429512651261,0
"f738",0.00986578806242303,0
"f739",0.0140937427783241,0
"f740",-0.00850178290733236,0
"f741",0.0181003059797136,0
"f742",0.0110872191763531,0
"f743",0.0084872735191515,0
"f744",-0.00368974412926064,0
"f745",0.0161910631895791,0
"f746",-0.00320458639817015,0
"f747",0.0132684728839129,0
"f748",-0.00106594388798333,0
"f749",-0.0190138482489397,0
"f750",0.00875473833798636,0
"f751",0.0221559509630212,0
"f752",0.00600846933091786,0
"f753",0.0266519650782711,0
"f754",0.00864724420014587,0
"f755",0.0119180356235026,0
"f756",0.00895668170882878,0
"f757",-0.000280763795783886,0
"f758",0.0182888229071297,0
"f759",-0.00115413503012549,0
"f760",0.00906114368940164,0
"f761",-0.00213633606357418,0
"f762",0.0159416529517198,0
"f763",0.00390075744813496,0
"f764",0.0215827064849734,0
"f765",-0.0105516546484483,0
"f766",-0.017753634858075,0
"f767",0.0237603421589821,0
"f768",-0.0294738064141645,0
"f769",-0.00820232766151233,0
"f770",-0.00108639673885077,0
"f771",0.0408679575668024,0
"f772",0.0480443491547705,0
"f773",-0.0105098607251605,0
"f774",0.0307173704629908,0
"f775",0.00141345161711983,0
"f776",0.0127983438056051,0
"f777",0.0321681143155229,0
"f778",-0.0176065465881644,0
"f779",0.0142771089599444,0
"f780",0.00656962857850644,0
"f781",-0.0103915617636442,0
"f782",-0.00930666397102987,0
"f783",-0.032916836089404,0
"f784",-0.0302192995353545,0
"f785",-0.00144828220384405,0
"f786",-6.43813090325043e-05,0
"f787",0.00506461872704065,0
"f788",0.000419575416420533,0
"f789",-0.02062366839237,0
"f790",-0.00412634220991365,0
"f791",-0.00684341763342276,0
"f792",0.00885220552068466,0
"f793",-0.0129508655634087,0
"f794",-0.00580227998128302,0
"f795",0.016005913951556,0
"f796",-0.01270324238558,0
"f797",-0.0074679402193835,0
"f798",0.0113252893730528,0
"f799",0.00718617981405321,0
"f800",0.00476638114710714,0
"f801",0.0205368624205027,0
"f802",-0.00706767318298877,0
"f803",0.00141551054199838,0
"f804",0.00837168959416174,0
"f805",0.0271118590783065,0
"f806",0.000765245523432289,0
"f807",-0.00515738740974258,0
"f808",0.010038876175077,0
"f809",0.0194167289838775,0
"f810",-0.00993200898181432,0
"f811",0.00447647907011235,0
"f812",0.00772923485793721,0
"f813",-0.00096968206046055,0
"f814",-0.00791102994596828,0
"f815",0.0105748400771037,0
"f816",0.00820562448272983,0
"f817",0.0244465636108327,0
"f818",0.0115053318069091,0
"f819",0.00998395311776331,0
"f820",0.0208214265935173,0
"f821",-0.0038675248564845,0
"f822",-0.00489658443992681,0
"f823",0.0222785886434425,0
"f824",0.000352597471946056,0
"f825",0.00684342461501512,0
"f826",0.00918493773029181,0
"f827",-0.00981753648127848,0
"f828",-0.00643191871677793,0
"f829",0.00398680522107014,0
"f830",0.00143743992814512,0
"f831",-0.0036628476411042,0
"f832",0.0162330508586545,0
"f833",0.00400686904824141,0
"f834",0.0193809320131566,0
"f835",-0.00133031099551375,0
"f836",0.0126060344470072,0
"f837",0.00471185426634616,0
"f838",0.0173478234211856,0
"f839",-0.00240382248974135,0
"f840",-0.00372785755704262,0
"f841",-0.00515484834733042,0
"f842",-0.0230048025799367,0
"f843",-0.0226466342943787,0
"f844",-0.0420314386701364,0
"f845",0.00628010763528202,0
"f846",0.00460418010311851,0
"f847",-0.00401423388803774,0
"f848",-0.0199362240573179,0
"f849",0.0212267326727655,0
"f850",0.0117906288543485,0
"f851",0.019182069158338,0
"f852",0.00173934347321305,0
"f853",-0.0109807616879184,0
"f854",0.0182748963257103,0
"f855",0.0194942174876412,0
"f856",-0.0012520567195333,0
"f857",-0.00589216728156285,0
"f858",-0.00997107221571314,0
"f859",0.00555536283366097,0
"f860",0.0121503845015185,0
"f861",-0.00662256803427139,0
"f862",-0.0122017512880284,0
"f863",0.00602335839436584,0
"f864",0.00666221022682445,0
"f865",-0.00819372713572726,0
"f866",0.00626465093928649,0
"f867",0.000631621115907989,0
"f868",0.00163519551889725,0
"f869",0.00288014967484749,0
"f870",0.000572122719903692,0
"f871",0.00382433583574116,0
"f872",0.0145695989373245,0
"f873",-0.00432026545171582,0
"f874",-0.00162863272990889,0
"f875",0.000178278323777181,0
"f876",-0.00453249139546811,0
"f877",0.0151909102242244,0
"f878",0.00322522049965127,0
"f879",-0.00800773703677959,0
"f880",-0.00233633416879775,0
"f881",0.00626603356313063,0
"f882",0.018393464590508,0
"f883",0.00510132104588115,0
"f884",-0.00289798317870308,0
"f885",0.0188270207000626,0
"f886",0.0174913516581657,0
"f887",-0.00882107989006353,0
"f888",0.0174763862802583,0
"f889",0.0154777065451501,0
"f890",0.00175580830422273,0
"f891",0.0202225433786149,0
"f892",0.0101599107569873,0
"f893",0.0175654575663412,0
"f894",0.00108414124477966,0
"f895",0.00525453582521899,0
"f896",0.00773149612125144,0
"f897",-0.0223293921666246,0
"f898",0.0231114513527586,0
"f899",-0.0380347026416567,0
"f900",0.00592620873537767,0
"f901",0.0323329922735116,0
"f902",0.00338830226111105,0
"f903",-0.0134729497504695,0
"f904",0.0115025387447665,0
"f905",0.023422915675519,0
"f906",0.0142213275479922,0
"f907",-0.0301522972049469,0
"f908",-0.0169356885335564,0
"f909",0.000399475830016452,0
"f910",0.0058938405288807,0
"f911",-0.025882107422914,0
"f912",0.0223191348844893,0
"f913",0.00368841497316654,0
"f914",0.000951487712825118,0
"f915",0.00181341687850168,0
"f916",0.0177187342189635,0
"f917",-0.00983419482263807,0
"f918",-0.0130934356048595,0
"f919",0.00135637008310661,0
"f920",-0.000955884383086316,0
"f921",-0.00666596115670949,0
"f922",0.000701715137356318,0
"f923",-0.00121495896090184,0
"f924",0.00663555385955596,0
"f925",0.01031128774276,0
"f926",0.00930332212689628,0
"f927",0.01066253396713,0
"f928",0.0169631728982249,0
"f929",0.0145315438303891,0
"f930",0.019277537996152,0
"f931",0.0139226707580766,0
"f932",0.0185597887018678,0
"f933",0.00829687912882967,0
"f934",0.00746747653667575,0
"f935",0.00562430711757863,0
"f936",0.00381327861204071,0
"f937",0.0186608662894349,0
"f938",0.0180909560533315,0
"f939",0.00104358272785166,0
"f940",0.0106051732810128,0
"f941",0.0182805814713079,0
"f942",0.0146819731113428,0
"f943",0.0140202270917097,0
"f944",0.01143853473265,0
"f945",0.0133396514016475,0
"f946",0.0205429318855294,0
"f947",0.0129589439882933,0
"f948",0.0170698691240389,0
"f949",0.00944889720756452,0
"f950",-0.0156415237154871,0
"f951",0.0160629629366312,0
"f952",0.0198350023373293,0
"f953",0.0131491445397442,0
"f954",0.0133643986522887,0
"f955",0.00703176118697143,0
"f956",0.000113456460337235,0
"f957",0.00532462216641137,0
"f958",0.0227798732230131,0
"f959",0.00514181903374589,0
"f960",0.0301225311431473,0
"f961",0.00850122211372405,0
"f962",-0.0311575385891757,0
"f963",-0.0171422216837453,0
"f964",0.0132306958346384,0
"f965",0.00581304248424541,0
"f966",0.0063903358025841,0
"f967",0.00864179439475142,0
"f968",0.00733104859777093,0
"f969",-0.0253290752451607,0
"f970",0.0133211253764299,0
"f971",-0.00384115558067078,0
"f972",0.00312666581027515,0
"f973",0.00695830877594632,0
"f974",-0.00491263403456411,0
"f975",2.67608883253014e-05,0
"f976",0.00966668069994907,0
"f977",-0.0252387415027625,0
"f978",-0.00141221553313286,0
"f979",-0.00524692658471202,0
"f980",2.42766236019838e-05,0
"f981",-0.0156953361280666,0
"f982",-0.000171561679148246,0
"f983",0.0042342137677105,0
"f984",0.0115175152459798,0
"f985",0.0116168884242218,0
"f986",0.0178096551832786,0
"f987",0.0194511682858773,0
"f988",0.0201039859970595,0
"f989",-0.00215254507028172,0
"f990",0.0142220646584637,0
"f991",0.0073387503641973,0
"f992",-0.00801493003658975,0
"f993",0.00888997808133795,0
"f994",0.00556709822595539,0
"f995",0.0117461429190034,0
"f996",0.0146430064755158,0
"f997",0.00600830253994234,0
"f998",0.00257572857912393,0
"f999",0.00275994656976909,0
"f1000",0.00452819393401676,0
"f1001",0.0152965875118028,0
"f1002",-0.00492636075363416,0
"f1003",0.0146692985464378,0
"f1004",0.028826433261084,0
"f1005",0.0247096494549313,0
"f1006",0.00850070637843877,0
"f1007",0.00857257059279604,0
"f1008",0.0253875778124567,0
"f1009",0.0234809958695415,0
"f1010",0.0117101687389035,0
"f1011",-0.00491902851290167,0
"f1012",0.00351607738634231,0
"f1013",-0.0014610264862425,0
"f1014",0.000956886747588932,0
"f1015",0.00716985544356051,0
"f1016",0.00642936314595181,0
"f1017",0.00415182800328037,0
"f1018",0.00176736243908814,0
"f1019",0.0213383388043822,0
"f1020",-0.00237741529709108,0
"f1021",0.00462204626346783,0
"f1022",0.0199635617310631,0
"f1023",0.0108369125001777,0
"f1024",0.00431112060176544,0
"f1025",0.0105524837927629,0
"f1026",-0.0148468037480473,0
"f1027",-0.00686337353785822,0
"f1028",0.00318998725130472,0
"f1029",0.00645747047113541,0
"f1030",0.0290056419613253,0
"f1031",0.0131497513524617,0
"f1032",0.0229840427648363,0
"f1033",0.0156755518764881,0
"f1034",0.00596813942247314,0
"f1035",0.00508445539096306,0
"f1036",0.00166746955979297,0
"f1037",-0.00603692125676418,0
"f1038",-0.0101019549988575,0
"f1039",-0.00559922738614753,0
"f1040",-0.00624758187079428,0
"f1041",0.00409290661783859,0
"f1042",0.0228650150081643,0
"f1043",0.0115605512070254,0
"f1044",0.016858194283237,0
"f1045",0.0298792290497087,0
"f1046",-0.0157136949855461,0
"f1047",0.0115524191408701,0
"f1048",-0.00063126252043044,0
"f1049",-0.0107993223480907,0
"f1050",0.0336219003392341,0
"f1051",-0.00821216671243285,0
"f1052",-0.0178926715182067,0
"f1053",-0.00704726543316967,0
"f1054",0.00902835291695681,0
"f1055",0.0158801717819812,0
"f1056",0.0194561539514407,0
"f1057",-0.0149125944503196,0
"f1058",0.007095183516434,0
"f1059",-0.0185517018971808,0
"f1060",0.0210299554065976,0
"f1061",-0.0139378537145264,0
"f1062",0.0112272836797705,0
"f1063",-0.0118018044379109,0
"f1064",-0.00765127218841364,0
"f1065",-0.00554511633548553,0
"f1066",8.2516291939936e-05,0
"f1067",0.0258994669292806,1
"f1068",0.003779922562678,0
"f1069",0.00423359118029064,0
"f1070",0.0177453235809299,0
"f1071",0.0164487344376425,0
"f1072",0.00423475034634822,0
"f1073",0.00839492784905726,0
"f1074",0.00161919852439493,0
"f1075",-0.0014498309867505,0
"f1076",0.00624618954888595,0
"f1077",0.00385111730270164,0
"f1078",0.00601119614783174,0
"f1079",0.0112397364379421,0
"f1080",-0.00966362654754431,0
"f1081",-0.00578884277985166,0
"f1082",0.018221540544537,0
"f1083",0.0219821258582066,0
"f1084",-0.00414411941284246,0
"f1085",-0.00348061761555081,0
"f1086",0.0148544946941363,0
"f1087",0.0025650205771047,0
"f1088",0.00954498771626719,0
"f1089",0.00414695273379441,0
"f1090",0.00834323879264451,0
"f1091",0.000575061980834457,0
"f1092",0.0160408847715546,0
"f1093",0.0249245796468361,0
"f1094",0.00568540844202479,0
"f1095",-0.000362079695022205,0
"f1096",0.00239648954445087,0
"f1097",-0.00915548387639705,0
"f1098",0.0105480311793699,0
"f1099",0.00120265701019379,0
"f1100",0.0154593905776738,0
"f1101",-0.0118090795867594,0
"f1102",-0.0126829838442647,0
"f1103",0.0308319263835121,0
"f1104",0.0292045237835203,0
"f1105",-0.00934386193313699,0
"f1106",0.0104769268182078,0
"f1107",0.00366792877832769,0
"f1108",0.0459363914262853,0
"f1109",0.051896074727171,0
"f1110",0.0131757747946209,0
"f1111",0.00059739575723155,0
"f1112",0.0140878379149882,0
"f1113",0.00231628073584338,0
"f1114",-0.0261018299749957,0
"f1115",-0.0141238193446913,0
"f1116",0.00788715325342096,0
"f1117",0.00908516529025615,0
"f1118",-0.00300955164221739,0
"f1119",-0.00238583424839049,0
"f1120",-0.00976393432452697,0
"f1121",-0.0218081777246071,0
"f1122",0.00448498856989844,0
"f1123",-0.00908072949771559,0
"f1124",0.00143537805424885,0
"f1125",-0.00543191026298494,0
"f1126",-0.0261631070791784,0
"f1127",-0.00761896099558663,0
"f1128",0.000379595363287829,0
"f1129",0.00209418537204115,0
"f1130",-0.0157222610465628,0
"f1131",-0.00935946099255779,0
"f1132",0.0106266293651251,0
"f1133",0.00794255708846679,0
"f1134",0.0133684954153339,0
"f1135",0.00175746687991939,0
"f1136",0.00850227350611801,0
"f1137",0.017788372778456,0
"f1138",0.00673031535166431,0
"f1139",0.0125012283496967,0
"f1140",0.00587955106970856,0
"f1141",0.00256645899230061,0
"f1142",-0.00482588456508882,0
"f1143",0.00537502207955965,0
"f1144",0.00749502708410433,0
"f1145",0.00400100582380905,0
"f1146",-0.00242525041189818,0
"f1147",-0.00439465425815146,0
"f1148",0.00396979042382929,0
"f1149",0.00276233891490685,0
"f1150",-0.00279435570797254,0
"f1151",0.00127085271873334,0
"f1152",0.00120514659583213,0
"f1153",0.00215872957096851,0
"f1154",0.00918121182403779,0
"f1155",0.00256058497705392,0
"f1156",0.00647582809465781,0
"f1157",0.00403608098454307,0
"f1158",-0.00303505213742808,0
"f1159",0.00366201556777257,0
"f1160",0.0122421121637124,0
"f1161",0.0185391824951513,0
"f1162",0.00885937901831841,0
"f1163",-0.00637428768323006,0
"f1164",0.00143128969108919,0
"f1165",0.00618512417638764,0
"f1166",0.000184036092325199,0
"f1167",-0.00711568905380052,0
"f1168",0.0106191013390906,0
"f1169",0.0153409464585587,0
"f1170",0.0099424114951354,0
"f1171",0.00853940961913235,0
"f1172",0.0131629759461887,0
"f1173",0.0150247794157097,0
"f1174",0.0176115568810381,0
"f1175",0.0138270767196394,0
"f1176",0.0181408371824624,0
"f1177",0.00721308520858899,0
"f1178",0.00111709747847754,0
"f1179",-0.000524780994357438,0
"f1180",-0.0129449455295111,0
"f1181",-0.0139853223133982,0
"f1182",-0.0265473003978458,0
"f1183",-0.00768216206904816,0
"f1184",-0.00332580185883074,0
"f1185",0.0159482357752907,0
"f1186",-0.000158505523544724,0
"f1187",-0.00538689053107089,0
"f1188",-0.00100400606658745,0
"f1189",-0.00392442788227653,0
"f1190",-0.0105000348788102,0
"f1191",0.0126120600782901,0
"f1192",-0.00822816997905907,0
"f1193",0.019394511733104,0
"f1194",0.00779405218737841,0
"f1195",0.00109231425906009,0
"f1196",0.0439497647215264,0
"f1197",0.0477674192051556,0
"f1198",-0.00382545555749708,0
"f1199",0.00779045160934132,0
"f1200",0.058699839721999,0
"f1201",0.0543228537270743,0
"f1202",-0.00482266086554754,0
"f1203",-0.000833021820553415,0
"f1204",0.0186780929542917,0
"f1205",0.022248137856691,0
"f1206",-0.0302665482021995,0
"f1207",0.0208831505635515,0
"f1208",-0.00960654424725417,0
"f1209",-0.0145396414614053,0
"f1210",0.0119751709665626,0
"f1211",-0.00257539027059893,0
"f1212",-0.0129247797634821,0
"f1213",-0.0121991970965654,0
"f1214",-0.0124164054837124,0
"f1215",-0.00236873013511329,0
"f1216",0.0028426591200542,0
"f1217",-0.00358172443539454,0
"f1218",-0.0107514258465028,0
"f1219",-0.00918597617440519,0
"f1220",-0.0158257252085279,0
"f1221",0.00834134149457224,0
"f1222",0.00310912247573308,0
"f1223",-0.0433284785438527,0
"f1224",-0.0276279603993806,0
"f1225",-0.00976973078569314,0
"f1226",-0.000342387809892119,0
"f1227",0.00820681493101953,0
"f1228",-0.00845138674429789,0
"f1229",0.00374640763210576,0
"f1230",0.00409658331652149,0
"f1231",0.0216537125807757,0
"f1232",0.0104912940238574,0
"f1233",-3.60883182461852e-05,0
"f1234",-1.19240373368117e-05,0
"f1235",0.00857974203882617,0
"f1236",0.00552067558062942,0
"f1237",0.0165711606351067,0
"f1238",0.0209647836909058,0
"f1239",0.00267769233654243,0
"f1240",0.00451791224543445,0
"f1241",-0.00766234344138638,0
"f1242",0.00199534750547207,0
"f1243",0.00713952044890554,0
"f1244",0.00865816331656625,0
"f1245",0.0127170778113407,0
"f1246",0.00257541585037812,0
"f1247",0.00581723718821537,0
"f1248",0.0088844294342663,0
"f1249",-0.00548679587795618,0
"f1250",0.00854284138126604,0
"f1251",-0.00935047214690125,0
"f1252",0.000633047453747635,0
"f1253",0.00494303964224258,0
"f1254",-0.000270124829776485,0
"f1255",0.00303451355418397,0
"f1256",0.00784364107045836,0
"f1257",-0.0118283518751387,0
"f1258",0.0181031058611197,0
"f1259",-0.0077335003336803,0
"f1260",-0.00116088488258026,0
"f1261",-0.00909293176089322,0
"f1262",0.00279533541933714,0
"f1263",-0.00490942566099551,0
"f1264",-0.0107604377427374,0
"f1265",3.29941716997774e-05,0
"f1266",0.00894536408231199,0
"f1267",-0.0109235450705555,0
"f1268",-0.0106357251087658,0
"f1269",0.00286624318570669,0
"f1270",-0.0070847870664172,0
"f1271",-0.0147806257070993,0
"f1272",-0.00518596625358793,0
"f1273",0.00712843126678641,0
"f1274",0.0120530772091695,0
"f1275",0.00839760679937174,0
"f1276",0.00842492088949235,0
"f1277",-0.00204921531876739,0
"f1278",-0.014342018400024,0
"f1279",-0.0112108243208807,0
"f1280",0.00183881635953678,0
"f1281",0.0111763603566595,0
"f1282",-0.000390140593710445,0
"f1283",0.0026093399413685,0
"f1284",-0.000119344139847786,0
"f1285",-0.000393873446494259,0
"f1286",-0.0100755620972384,0
"f1287",0.00376403812379926,0
"f1288",0.00135295099583711,0
"f1289",-0.0231739633421113,0
"f1290",-0.00671604612566962,0
"f1291",-0.00297311662157528,0
"f1292",-0.0316415382751049,0
"f1293",-0.0523133172013654,1
"f1294",-0.0346042956236776,1
"f1295",0.00294530278155738,0
"f1296",-0.00196682876174456,0
"f1297",0.0072452034871461,0
"f1298",0.0240819957408627,0
"f1299",-0.0050132334880968,0
"f1300",0.00525175976664922,0
"f1301",0.0425420615838493,0
"f1302",0.0462170681952953,0
"f1303",0.00380151785732753,0
"f1304",0.0234124335576965,0
"f1305",0.00243412447520691,0
"f1306",0.0675315069224401,0
"f1307",0.030887026618483,0
"f1308",-0.00997589520505501,0
"f1309",0.019391722676563,0
"f1310",0.00280600332393109,0
"f1311",0.0300866899371955,0
"f1312",-0.0204432014809952,0
"f1313",-0.0166444032139261,0
"f1314",-0.0106084651839331,0
"f1315",-0.0356152018507999,0
"f1316",-0.0102258473087435,0
"f1317",0.0164694765842384,0
"f1318",0.0053029124261485,0
"f1319",0.00227357349564057,0
"f1320",-0.0153244745849591,0
"f1321",-0.0146694296581033,0
"f1322",-0.00691109543296991,0
"f1323",0.029513101968153,0
"f1324",-0.00287663090585903,0
"f1325",0.0101906046540314,0
"f1326",0.0136794821820996,0
"f1327",0.0323400606687547,0
"f1328",-0.022479409835747,0
"f1329",-0.022786182578671,0
"f1330",-0.0188942160837818,0
"f1331",-0.00101552906112176,0
"f1332",-0.0219554154869185,0
"f1333",-0.0249700071490925,0
"f1334",0.0277938082890405,0
"f1335",-0.00286454967674325,0
"f1336",-0.00970172359181538,0
"f1337",-0.00201219320365817,0
"f1338",-0.0031559134501697,0
"f1339",0.00160176812941748,0
"f1340",0.0145316833591596,0
"f1341",0.00907398837608509,0
"f1342",-0.000721313681865533,0
"f1343",0.0168739827649761,0
"f1344",0.0166655301234172,0
"f1345",-0.00572866329269242,0
"f1346",0.0109228552934129,0
"f1347",0.0100049484247053,0
"f1348",-0.000332891018040042,0
"f1349",0.0080980972796744,0
"f1350",0.024292458420101,1
"f1351",0.0136737386655957,0
"f1352",0.00113035103848358,0
"f1353",0.0119101759324838,0
"f1354",0.0105466422195239,0
"f1355",-0.000590063690755061,0
"f1356",0.0169301440445054,0
"f1357",0.00722896850342412,0
"f1358",0.0221428719406956,0
"f1359",0.0106686775795469,0
"f1360",0.011891263479483,0
"f1361",0.0174891336292785,0
"f1362",0.00448874345291777,0
"f1363",0.00662545051413764,0
"f1364",0.0019835613905123,0
"f1365",0.00223658941532205,0
"f1366",0.0196971617569843,0
"f1367",0.0163896423018045,0
"f1368",0.014274261823474,0
"f1369",0.00391160625344812,0
"f1370",0.00889588553675502,0
"f1371",0.0168892988047825,0
"f1372",0.00904540128419007,0
"f1373",0.00897932998171594,0
"f1374",-0.00504724674850249,0
"f1375",-0.0179872654559442,0
"f1376",-0.0334524565564709,0
"f1377",-0.0219750205354786,0
"f1378",-0.0193541839532581,0
"f1379",-0.0041777215635206,0
"f1380",-0.00712534835393536,0
"f1381",-0.00784058184577169,0
"f1382",0.00979598728243242,0
"f1383",0.00745253826763804,0
"f1384",0.0147188074020878,0
"f1385",0.00228528962698942,0
"f1386",-0.00845894826126993,0
"f1387",-0.0146161814799686,0
"f1388",-0.018482796558249,0
"f1389",-0.0120376909182759,0
"f1390",-0.016658142654801,0
"f1391",-0.00521504988111617,0
"f1392",0.0116063742184513,0
"f1393",0.00835859484486446,0
"f1394",-0.0215547176937369,0
"f1395",-0.0187827441376635,0
"f1396",-0.015010172564483,0
"f1397",-0.0233588406468286,0
"f1398",-0.0250340511055133,0
"f1399",-0.00360166972464009,0
"f1400",0.00980156262804319,0
"f1401",0.0184310750015638,0
"f1402",-0.00915721367554336,0
"f1403",-0.00137547947369154,0
"f1404",0.0258284862012325,0
"f1405",0.0306465154330665,0
"f1406",-0.0113102728422931,0
"f1407",0.00116689132955764,0
"f1408",-0.0125414431281879,0
"f1409",0.0558990624300116,0
"f1410",0.0371154461878865,0
"f1411",0.00963039560507662,0
"f1412",0.0332792896986431,0
"f1413",0.00279286402671604,0
"f1414",0.0444571769374156,0
"f1415",0.039273079934613,0
"f1416",0.00144082886416984,0
"f1417",-0.00115333491841934,0
"f1418",0.002213418977458,0
"f1419",-0.0150789717414992,0
"f1420",-0.0194403656967656,0
"f1421",0.0247204570043288,0
"f1422",-0.0170819983172221,0
"f1423",0.00284876146875463,0
"f1424",0.00917205871640835,0
"f1425",0.00940751626797407,0
"f1426",-0.00743915374900784,0
"f1427",-0.00205096277768,0
"f1428",-0.00167811453786868,0
"f1429",-0.00396913637184631,0
"f1430",-0.0161828616671235,0
"f1431",0.04648614216853,0
"f1432",-0.00554678890026925,0
"f1433",0.0117135384716798,0
"f1434",0.00107645271629372,0
"f1435",0.0283063308024712,0
"f1436",0.0275188421208671,0
"f1437",0.0236372690083213,0
"f1438",0.0422769489444553,0
"f1439",0.0246549957349816,0
"f1440",0.0402239674304779,0
"f1441",0.0264772857640677,0
"f1442",0.0234523759040372,0
"f1443",0.0100546646160934,0
"f1444",-0.00513633012251593,0
"f1445",0.00689509243449555,0
"f1446",0.00210117662760057,0
"f1447",0.0391000432669163,0
"f1448",0.0334092206977117,0
"f1449",0.0157824980913273,0
"f1450",0.0192438776920459,0
"f1451",0.00211126256189411,0
"f1452",0.0195338803064373,0
"f1453",0.0269142791500846,0
"f1454",0.0468737165361454,0
"f1455",0.01422494448515,0
"f1456",0.0116686108541151,0
"f1457",0.0170841423907568,0
"f1458",0.00463571388298332,0
"f1459",-0.0217802134624718,0
"f1460",0.0198532993966633,0
"f1461",0.0214541387513636,0
"f1462",0.00480386415883657,0
"f1463",0.0193080451564715,0
"f1464",-0.000579165978552858,0
"f1465",0.0284287332405104,0
"f1466",0.00496915445169421,0
"f1467",0.00756408326519692,0
"f1468",0.00818360488952369,0
"f1469",-0.00218353631831744,0
"f1470",0.0281675611875561,0
"f1471",-0.0370230775795288,0
"f1472",0.0270668829788207,0
"f1473",0.0116769438872281,0
"f1474",-0.0063235998148382,0
"f1475",0.00739925435755452,0
"f1476",0.0038065176690309,0
"f1477",0.00818302863811225,0
"f1478",0.00120274604818845,0
"f1479",0.00624792718467951,0
"f1480",0.00258839669602007,0
"f1481",0.0117442310312322,0
"f1482",0.0113103473052312,0
"f1483",-0.0120124392204646,0
"f1484",-0.0138846961026802,0
"f1485",0.000814110109012385,0
"f1486",0.00917984578585598,0
"f1487",-0.00420808919289779,0
"f1488",-0.00552915367474175,0
"f1489",0.0263353095641898,0
"f1490",0.0292304735184176,0
"f1491",0.00963391303421106,0
"f1492",-0.00496551573533998,0
"f1493",0.0269856132238611,0
"f1494",0.0205091803628118,0
"f1495",0.00722843291068052,0
"f1496",0.0230425984552465,0
"f1497",-0.0258596173077193,1
"f1498",0.0176353936109024,0
"f1499",0.025260533942328,0
"f1500",0.0262590144857937,0
"f1501",0.00248557629230976,0
"f1502",0.0155717168316125,0
"f1503",0.00136236052980514,0
"f1504",0.0293869303862587,0
"f1505",0.0036634519205142,0
"f1506",-0.0133028982305737,0
"f1507",0.029109188622126,0
"f1508",0.0136795557092801,0
"f1509",-0.0126019837910989,0
"f1510",-0.0265257663649862,0
"f1511",-0.0235036268585782,0
"f1512",0.00992539760443724,0
"f1513",0.0153703326548408,0
"f1514",0.00704262235365454,0
"f1515",-0.00358784848726792,0
"f1516",0.00838299118129789,0
"f1517",0.00123099508354684,0
"f1518",0.0013703296866446,0
"f1519",-0.003676762128541,0
"f1520",-0.0196369649109391,0
"f1521",-0.0243659746267666,0
"f1522",-0.00808425486731425,0
"f1523",-0.00613554394381935,0
"f1524",-0.00610132255304062,0
"f1525",-0.00102336930304857,0
"f1526",0.0177944769958408,0
"f1527",0.022352151180222,0
"f1528",0.0276094457622461,0
"f1529",-0.00277168802013861,0
"f1530",0.0239385159874983,0
"f1531",-0.0211781200865042,0
"f1532",0.012358628941259,0
"f1533",-0.0194715080501981,0
"f1534",0.00623218541156632,0
"f1535",-0.0334058175202753,0
"f1536",0.00586069710339953,0
"f1537",0.0239942415131159,0
"f1538",0.0426151531514578,0
"f1539",0.0119646646147328,0
"f1540",-0.00874464800824206,0
"f1541",0.0223770042455109,0
"f1542",0.0194109267847931,0
"f1543",0.00610997039302334,0
"f1544",0.0451516745802531,0
"f1545",0.00496905393326505,0
"f1546",0.0313379793107121,0
"f1547",0.0172926122128967,0
"f1548",-0.00781094758132504,0
"f1549",0.00208009791525142,0
"f1550",0.0175458127046731,0
"f1551",0.0128101691232993,0
"f1552",0.0204891475454748,0
"f1553",0.0171826784704728,0
"f1554",0.0136244043931444,0
"f1555",0.00933267044003144,0
"f1556",0.00782697593551863,0
"f1557",0.00266710778420133,0
"f1558",-0.00932991357486685,0
"f1559",0.0100426994781725,0
"f1560",0.00540038072694927,0
"f1561",0.00308722222124258,0
"f1562",0.0228259944452269,0
"f1563",0.0236307507648342,0
"f1564",0.00527736316089282,0
"f1565",0.0315489937139871,0
"f1566",0.0198215018810562,0
"f1567",0.00280426296650676,0
"f1568",0.0129981108671816,0
"f1569",0.0135885106982716,0
"f1570",-0.00442737132420602,0
"f1571",0.00901139904729972,0
"f1572",0.00612998846653778,0
"f1573",-0.0156075547585244,0
"f1574",0.0136863602954711,0
"f1575",0.00073118444390175,0
"f1576",0.0160140751548743,0
"f1577",-0.0207574169828633,0
"f1578",0.00124755088476527,0
"f1579",-0.0016987048463279,0
"f1580",0.00340855180940335,0
"f1581",-0.00680465584987113,0
"f1582",0.0118104529188938,0
"f1583",0.00458281046488263,0
"f1584",0.00991202722599038,0
"f1585",-0.0191761299536612,0
"f1586",0.0175790281233874,0
"f1587",-0.00691207806465484,0
"f1588",0.0226137338575175,0
"f1589",-0.00223593807786147,0
"f1590",0.0113959833501306,0
"f1591",-0.00325165372561402,0
"f1592",-0.01029949412776,0
"f1593",0.000352818354561869,0
"f1594",-0.0133594172138178,0
"f1595",-0.0233514946431439,0
"f1596",-0.0371919502108238,0
"f1597",-0.0156176815875024,0
"f1598",-0.0172817456918323,0
"f1599",0.000386252357556035,0
"f1600",0.0132347794751883,0
"f1601",-0.000546835163930158,0
"f1602",-0.0322159237806937,0
"f1603",-0.0315119461396819,0
"f1604",0.00508800668259597,0
"f1605",-0.0002956262104635,0
"f1606",-0.0336341100837976,0
"f1607",-0.03893764718173,0
"f1608",-0.0337014773951528,0
"f1609",-0.0203663738464237,0
"f1610",-0.0381004821101143,0
"f1611",-0.0151551207859811,0
"f1612",0.00258830659399022,0
"f1613",-0.00780448947156508,0
"f1614",-0.0117303209803775,0
"f1615",-0.00358946476489751,0
"f1616",-0.0454147409163848,0
"f1617",-0.0361458374813904,0
"f1618",-0.0358140508248153,0
"f1619",-0.0282737641532226,0
"f1620",-0.004246135992021,0
"f1621",0.00889864755295673,0
"f1622",-0.0103546946323846,0
"f1623",-0.0236088831067378,0
"f1624",-0.0284805365617315,0
"f1625",0.0208828288614264,0
"f1626",-0.0102963332504526,0
"f1627",-0.0293221907558455,0
"f1628",-0.0245003660583266,0
"f1629",0.0456889349863313,1
"f1630",-0.0354103152724303,0
"f1631",-0.0277414755895598,0
"f1632",-0.0106588712843762,0
"f1633",0.00307571536533279,0
"f1634",0.0209466750635639,0
"f1635",0.0116346900909524,0
"f1636",0.0122132416593155,0
"f1637",0.0197151468789683,0
"f1638",0.0125198978633755,0
"f1639",0.0271805282707252,0
"f1640",0.00233028059863975,0
"f1641",0.0227226954522343,0
"f1642",0.0124100111290357,0
"f1643",-0.00152533286095806,0
"f1644",0.0189339648573295,0
"f1645",0.0123639607276333,0
"f1646",0.00670390432906147,0
"f1647",0.021626701408197,0
"f1648",0.0405118397829129,0
"f1649",0.0109012420389299,0
"f1650",0.0251962218755738,0
"f1651",0.0125535213014804,0
"f1652",0.00426140694593261,0
"f1653",-0.00886604593555995,0
"f1654",0.0116204737339688,0
"f1655",-0.013331460172825,0
"f1656",0.0137921663697488,0
"f1657",-0.00141904263840964,0
"f1658",-0.0191297888328516,0
"f1659",-0.00324017506744422,0
"f1660",-0.000351039716835591,0
"f1661",0.0160782249326623,0
"f1662",0.00363819367778134,0
"f1663",-0.00243238211768523,0
"f1664",0.0173562836138201,0
"f1665",0.0056189078531542,0
"f1666",-0.00429298264216028,0
"f1667",-0.00369067600786612,0
"f1668",0.000225083823890799,0
"f1669",-0.00302635450704156,0
"f1670",-0.00598488600436098,0
"f1671",-0.00568146480646186,0
"f1672",-0.00146003277596739,0
"f1673",-0.0122296820377295,0
"f1674",-0.0130371361833513,0
"f1675",-0.0366658156142769,0
"f1676",-0.0265916592735606,0
"f1677",0.00517252628768274,0
"f1678",-0.0234825784925558,0
"f1679",-0.0193639301976768,0
"f1680",0.0285277984573157,0
"f1681",0.00415880545658561,0
"f1682",-0.0056286753468695,0
"f1683",0.00288278146889625,0
"f1684",0.0145159517108535,0
"f1685",-0.00370236448335735,0
"f1686",-0.00656975062697751,0
"f1687",-0.00159353353017923,0
"f1688",-0.0248629452873062,0
"f1689",-0.0240287003563668,0
"f1690",0.00816766459213721,0
"f1691",0.00554110821520507,0
"f1692",-0.0191459705068709,0
"f1693",-0.00161901519828807,0
"f1694",-0.000719130565248665,0
"f1695",0.00825526039019839,0
"f1696",-0.00617729170790289,0
"f1697",-0.000503446128366949,0
"f1698",-0.0136596715604805,0
"f1699",-0.0212326928659626,0
"f1700",-0.0105186417627057,0
"f1701",-0.0364903597794964,0
"f1702",-0.026334192666703,0
"f1703",-0.027586705011004,0
"f1704",-0.00344929570320785,0
"f1705",0.00925211117754306,0
"f1706",0.0091238436937768,0
"f1707",0.014737917227794,0
"f1708",0.0144800613525428,0
"f1709",-0.0027671108279319,0
"f1710",-0.0296582887977305,0
"f1711",-0.0388959411093028,0
"f1712",-0.0478530560385776,0
"f1713",-0.0357913406550796,0
"f1714",-0.0496885637445963,0
"f1715",-0.0683983264898169,0
"f1716",-0.0630354139478038,0
"f1717",-0.0438622230330654,0
"f1718",-0.021403680303355,0
"f1719",-0.0188822284903784,0
"f1720",-0.00638820854259618,0
"f1721",-0.0173464562010052,0
"f1722",0.0299412293462099,0
"f1723",-0.00589339597159264,0
"f1724",-0.0116067865285496,0
"f1725",-0.0105821850186069,0
"f1726",-0.0393950377778477,0
"f1727",-0.0359761627514016,0
"f1728",-0.0131791228323444,0
"f1729",-0.0324786283385573,0
"f1730",-0.0125135357836907,0
"f1731",-0.0245690399225627,0
"f1732",-0.0112766682446808,0
"f1733",0.0120460378561936,0
"f1734",0.0234808975417807,0
"f1735",-0.0121098341306728,0
"f1736",0.0118615020670539,0
"f1737",0.0286918257815375,0
"f1738",-0.0046670113223504,0
"f1739",0.0052926167726442,0
"f1740",-0.00991226143830801,0
"f1741",0.0107282028852346,0
"f1742",0.0130985488906097,0
"f1743",-0.00704138943509224,0
"f1744",-0.0180649638172749,0
"f1745",-0.0286791760522378,0
"f1746",0.0272771278276385,0
"f1747",-0.0334894680039248,0
"f1748",0.0203248010292929,0
"f1749",0.00412671051634312,0
"f1750",8.84576716719518e-05,0
"f1751",0.00579129955117852,0
"f1752",0.0273567567111915,0
"f1753",-0.0154509155963688,0
"f1754",-0.0152786628403564,0
"f1755",-0.0279070299545283,0
"f1756",-0.0244697095615664,0
"f1757",0.0604311601679415,0
"f1758",-0.0360609820190111,0
"f1759",0.0229614036728077,0
"f1760",0.00909649126546254,0
"f1761",-0.00952385863501273,0
"f1762",-0.00935148140364109,0
"f1763",-0.022747162613753,0
"f1764",0.0134073641299535,0
"f1765",-0.0270228134050985,0
"f1766",0.0308389309829834,0
"f1767",-0.023980065862149,0
"f1768",-0.0247337495543753,0
"f1769",-0.017194098967402,0
"f1770",-0.0177026020491032,0
"f1771",0.00622183865920723,0
"f1772",0.0179457142878603,0
"f1773",0.0136566483986137,0
"f1774",0.0138976038535213,0
"f1775",0.00527944533789442,0
"f1776",0.00895504320588607,0
"f1777",0.00531976741955755,0
"f1778",0.0211240846662499,0
"f1779",0.0172892859831436,0
"f1780",-0.0212435294560221,0
"f1781",0.0108005129596304,0
"f1782",0.0120708776329566,0
"f1783",-0.0205119966186707,0
"f1784",-5.09548883401944e-05,0
"f1785",0.0460003427466016,0
"f1786",0.00426473432513455,0
"f1787",0.00531988587930615,0
"f1788",0.0122514620098497,0
"f1789",0.0135089979600316,0
"f1790",-0.00104321738930273,0
"f1791",-0.0393119906520714,0
"f1792",-0.0108468568823538,0
"f1793",-0.00733768260835587,0
"f1794",-0.0103761803610042,0
"f1795",0.00442642221173918,0
"f1796",0.0129183995017914,0
"f1797",-0.0016638603423385,0
"f1798",-0.000607316442718101,0
"f1799",0.0228427784154811,0
"f1800",0.0160951352112157,0
"f1801",-0.00615162136933864,0
"f1802",0.00371684448555331,0
"f1803",0.0190729885435042,0
"f1804",-0.00310727114482078,0
"f1805",0.00450865519989455,0
"f1806",-0.00063121978071713,0
"f1807",0.00815493716527524,0
"f1808",0.011127415205702,0
"f1809",-0.00336514974941541,0
"f1810",0.00871537776928651,0
"f1811",-0.00796275714703494,0
"f1812",0.0061038405097525,0
"f1813",-0.00293019223852814,0
"f1814",-0.00795477946793917,0
"f1815",-0.018155586515441,0
"f1816",-0.0154620705652453,0
"f1817",0.011386158989919,0
"f1818",-0.00901312690024681,0
"f1819",0.00446166094216218,0
"f1820",0.00600382852131952,0
"f1821",-0.0156065665326693,0
"f1822",-0.00174513856080635,0
"f1823",-0.00494796466813071,0
"f1824",0.0130075327228677,0
"f1825",0.0104572637549828,0
"f1826",-0.00114023932401826,0
"f1827",-0.0147033993784711,0
"f1828",-0.00691912594281447,0
"f1829",-0.0134241290925548,0
"f1830",-0.0115257159115831,0
"f1831",-0.0241019226935366,0
"f1832",-0.0346541363526229,0
"f1833",-0.0290060469401166,0
"f1834",-0.0413030092098997,0
"f1835",-0.019122309468962,0
"f1836",-0.0163022896892471,0
"f1837",-0.0325886757673529,0
"f1838",-0.00808924376706742,0
"f1839",-0.0259314125004184,0
"f1840",-0.0062774401761514,0
"f1841",-0.0175963351653018,0
"f1842",0.022248518684332,0
"f1843",-0.00796325637424363,0
"f1844",-0.00550066100968685,0
"f1845",-0.0161677779275436,0
"f1846",-0.0146427835181656,0
"f1847",-0.0284088547047145,0
"f1848",-0.0604905438900882,0
"f1849",-0.048104640659396,0
"f1850",-0.0585174348764979,0
"f1851",-0.0629234521132856,0
"f1852",-0.0130085950729658,0
"f1853",-0.0191048391251281,0
"f1854",-0.0147155951569688,0
"f1855",-0.0263624845753799,0
"f1856",-0.000563149746633725,0
"f1857",-0.00790414015900222,0
"f1858",0.0246211418983496,0
"f1859",-0.0126397311930155,0
"f1860",-0.0117685934887316,0
"f1861",-0.032295567784087,0
"f1862",-0.0516140478721673,0
"f1863",-0.0592297138161661,0
"f1864",-0.0508495233183666,1
"f1865",0.00276115779892611,0
"f1866",-0.0105410039216455,0
"f1867",-0.0039135289126139,0
"f1868",0.000181597736769213,0
"f1869",-0.0179984849314442,0
"f1870",-0.0311479432390927,0
"f1871",-0.0237252521038723,0
"f1872",-0.0211366239731161,0
"f1873",-0.0279083512057402,0
"f1874",0.00393040374907963,0
"f1875",0.02392555422814,0
"f1876",0.0186221323652,0
"f1877",0.0105708756140051,0
"f1878",0.0306290710065161,0
"f1879",-0.0266418849924057,0
"f1880",0.000214345506740035,0
"f1881",-0.000895712616009716,0
"f1882",0.0245824261465761,0
"f1883",0.0214217112852321,0
"f1884",-0.00230488866648406,0
"f1885",-0.018887582914061,0
"f1886",0.0163077384253088,0
"f1887",-0.00510766774889933,0
"f1888",-0.0279784187247538,0
"f1889",0.0143123555442818,0
"f1890",-0.0210444300989646,0
"f1891",-0.00646189467746645,0
"f1892",0.00811170252364767,0
"f1893",-0.00866584214697941,0
"f1894",0.026829616782976,0
"f1895",-0.0059075777735909,0
"f1896",-0.00429492542991987,0
"f1897",-0.0225521854773083,0
"f1898",-0.0600055605141737,0
"f1899",-0.0186649761077496,0
"f1900",0.0373439502826708,0
"f1901",-0.00563662694040295,0
"f1902",-0.0216439111158957,0
"f1903",-0.00227276499129724,0
"f1904",-0.014102900122908,0
"f1905",0.00523751969714289,0
"f1906",-0.021084982976162,0
"f1907",-0.00166593288787824,0
"f1908",0.00218746253379304,0
"f1909",0.0432084305736613,0
"f1910",-0.00397211186611444,0
"f1911",-0.023420526904043,0
"f1912",-0.0069762954441802,0
"f1913",-0.010064283870286,0
"f1914",-0.00272176045116155,0
"f1915",0.0395575568804436,0
"f1916",-0.0190930695824025,0
"f1917",-0.00885308945673437,0
"f1918",-0.0436877404917797,0
"f1919",-0.014131948951794,0
"f1920",-0.00778427527152705,0
"f1921",-0.00688159681766371,0
"f1922",0.00679592961592706,0
"f1923",-0.0102797056554316,0
"f1924",-0.00439847760177965,0
"f1925",0.00618751707417814,0
"f1926",0.0232773384732425,0
"f1927",-0.00987979515139779,0
"f1928",-0.0315078346182068,0
"f1929",0.0113385381517236,0
"f1930",0.0220087462582443,0
"f1931",-0.0179471534737451,0
"f1932",0.00414006959690097,0
"f1933",-0.0145109220370887,0
"f1934",-0.0215810748310988,0
"f1935",-0.00930914475205704,0
"f1936",0.00123878816162348,0
"f1937",-0.0104331162774005,0
"f1938",-0.00939931786994268,0
"f1939",0.00273911596528895,0
"f1940",-0.0207233356227541,0
"f1941",0.0161171250159289,0
"f1942",0.0176186802777023,0
"f1943",0.00882953697544676,0
"f1944",0.0135685127633904,0
"f1945",0.0163589242624857,0
"f1946",0.0158056251544141,0
"f1947",0.00710215959458927,0
"f1948",0.0128714824737759,0
"f1949",0.0152292574986292,0
"f1950",0.0163049579151045,0
"f1951",-0.0123374004310787,0
"f1952",0.0164257580464716,0
"f1953",0.00520714674339838,0
"f1954",0.00940232905379354,0
"f1955",0.015006893172695,0
"f1956",0.0124882682345654,0
"f1957",-0.0265466328361744,0
"f1958",0.0257959242343709,0
"f1959",-0.00456425081525345,0
"f1960",0.0145209001700124,0
"f1961",-0.0206535755118954,0
"f1962",-0.0186664803748894,0
"f1963",0.00811468121361517,0
"f1964",0.01469086964489,0
"f1965",0.0228288117771089,0
"f1966",-0.0214043459887081,0
"f1967",0.00380342902538912,0
"f1968",0.0148109079093347,0
"f1969",-0.0210326491058277,0
"f1970",0.00157061951994356,0
"f1971",-0.00021009094488983,0
"f1972",-0.0059533854686741,0
"f1973",0.00629267237851653,0
"f1974",-0.00926916086205327,0
"f1975",0.00512294118595396,0
"f1976",-0.00508873588154415,0
"f1977",0.0182470709211892,0
"f1978",0.0189306196264463,0
"f1979",-0.00620037229960632,0
"f1980",-0.0118425031942979,0
"f1981",-0.0281491827772337,0
"f1982",0.00164487404565671,0
"f1983",-0.0054987051831438,0
"f1984",-0.0250545183216839,0
"f1985",-0.0167449978434297,0
"f1986",0.021124509052011,0
"f1987",0.00256661724184846,0
"f1988",-0.0211964657810893,0
"f1989",-0.00927310468927388,0
"f1990",0.0144819560356369,0
"f1991",0.00890157709405113,0
"f1992",0.00220844657156737,0
"f1993",0.00973142850285147,0
"f1994",0.0141699940212352,0
"f1995",0.0216039290187125,0
"f1996",-0.0303038799952257,1
"f1997",-0.0183707148177455,0
"f1998",-0.00547693595432286,0
"f1999",-0.0241492247134886,0
"f2000",-0.0294543285706953,0
"f2001",-0.0143532239508142,0
"f2002",0.00175081702723242,0
"f2003",-0.00644240757526529,0
"f2004",-0.0162898986583262,0
"f2005",-0.00505677964856819,0
"f2006",0.0154147193852527,0
"f2007",-0.017746580890337,0
"f2008",0.0221888130761872,0
"f2009",0.00548901568508896,0
"f2010",0.0160672262526479,0
"f2011",-0.0147542403512235,0
"f2012",-0.00682611349881672,0
"f2013",-0.0190826578237412,0
"f2014",-0.0348550161392557,0
"f2015",-0.0581924034632648,0
"f2016",-0.0627375037327924,0
"f2017",-0.0557606284988051,0
"f2018",-0.0202001106518143,0
"f2019",-0.0362407246796736,0
"f2020",0.000808705416423772,0
"f2021",-0.0179720054917393,0
"f2022",0.0252845351328399,0
"f2023",-0.0085136242265169,0
"f2024",0.0206918134857578,0
"f2025",0.00673687142493838,0
"f2026",0.0208561177495101,0
"f2027",0.00826988843917684,0
"f2028",-0.0151652928752325,0
"f2029",-0.00932260156890597,0
"f2030",-0.00480302104382006,0
"f2031",0.00293531807687742,0
"f2032",-0.00652567929163616,0
"f2033",-0.000753228370842696,0
"f2034",-0.00121996219587802,0
"f2035",-0.0129564693784408,0
"f2036",-0.00774116817002479,0
"f2037",-0.054310671162094,0
"f2038",-0.00330281200188562,0
"f2039",-0.0297380958431094,0
"f2040",-0.00948710556180884,0
"f2041",0.0436045114632631,0
"f2042",0.023709313991799,0
"f2043",-0.027956641776778,0
"f2044",-0.0052752817698385,0
"f2045",-0.00511821242084622,0
"f2046",-0.0273397838627748,0
"f2047",-0.0175349560094626,0
"f2048",-0.0124565255704975,0
"f2049",-0.0366390157085323,0
"f2050",-0.0144865943012923,0
"f2051",-0.0153959629233188,0
"f2052",0.00482417756872511,0
"f2053",0.0568804231160165,0
"f2054",-0.0275601549425995,0
"f2055",0.0256441820857155,0
"f2056",0.0381194750715608,0
"f2057",0.00714603353803092,0
"f2058",0.00203315005050534,0
"f2059",0.0458658384801803,0
"f2060",0.0071570038764309,0
"f2061",-0.0331576390936846,0
"f2062",-0.00282110515748119,0
"f2063",-0.040872883437668,0
"f2064",0.0464805071369222,0
"f2065",-0.0459235186008627,0
"f2066",0.0168049039989037,0
"f2067",0.0607402378574208,0
"f2068",-0.0256828583919457,0
"f2069",-0.0289243844698216,0
"f2070",0.038511215774673,0
"f2071",0.0198940765100092,0
"f2072",0.0189042034892248,0
"f2073",-0.0147955343331178,0
"f2074",-0.00325558854578149,0
"f2075",0.0351599861263629,0
"f2076",0.0085263706732209,0
"f2077",0.00222289711814538,0
"f2078",-0.00719077882563788,0
"f2079",0.0347472322807396,0
"f2080",-0.0414260914069798,0
"f2081",0.0222886067209127,0
"f2082",0.0020200124933696,0
"f2083",-0.0100162443162587,0
"f2084",-0.00630787449212666,0
"f2085",-0.000639315468597906,0
"f2086",0.0155544005519493,0
"f2087",0.00487519583184429,0
"f2088",-0.0244543964391469,0
"f2089",0.0312761953737763,0
"f2090",0.0167483693353034,0
"f2091",-0.0096573626675983,0
"f2092",0.00573765783432332,0
"f2093",-0.00397346402179264,0
"f2094",-0.0221114391018867,0
"f2095",-0.0111698746104148,0
"f2096",-0.0121212943858929,0
"f2097",0.0031833182848748,0
"f2098",-0.0154382016763507,0
"f2099",-0.000107399836920557,0
"f2100",0.0164154825031878,0
"f2101",-0.0132930523046106,0
"f2102",-0.0150575702742835,0
"f2103",-0.0126964954987091,0
"f2104",-0.0109775815398027,0
"f2105",-0.0105578814217238,0
"f2106",-0.000338268128862047,0
"f2107",0.00597822582303076,0
"f2108",-0.0101443299901726,0
"f2109",0.000136304837981223,0
"f2110",-0.00323489449545375,0
"f2111",-0.00300956702320266,0
"f2112",-0.00555410905672402,0
"f2113",0.000976273293662894,0
"f2114",-0.00463899082716747,0
"f2115",0.00327921918921355,0
"f2116",-0.00432796502927472,0
"f2117",-0.00380436487954505,0
"f2118",-0.00125015392999056,0
"f2119",-0.00337467959313841,0
"f2120",0.00877390486520398,0
"f2121",0.0104598311508411,0
"f2122",0.00683780691138969,0
"f2123",-0.036288282189919,0
"f2124",-0.00423053998726842,0
"f2125",0.00134779734594291,0
"f2126",0.0235710469177398,0
"f2127",0.00353507820143282,0
"f2128",-0.0230241881540742,0
"f2129",-0.00744233111827258,0
"f2130",0.00523567592752645,0
"f2131",-0.0182114599529477,0
"f2132",-0.0237375223698002,0
"f2133",0.00756977196577048,0
"f2134",0.0139453841180254,0
"f2135",0.0176323106935934,0
"f2136",0.029031678482079,0
"f2137",-0.00626681481279409,0
"f2138",-0.0115321239765237,0
"f2139",0.018432354920179,0
"f2140",-0.0153177773294404,0
"f2141",0.00199514025527225,0
"f2142",-0.0209104187686252,0
"f2143",-0.0224052885045063,0
"f2144",-0.00083533404540751,0
"f2145",0.00828793615715552,0
"f2146",-0.0221093096328498,0
"f2147",-0.00255553350841503,0
"f2148",0.00351898028678512,0
"f2149",0.00498417456222223,0
"f2150",0.000251175905267362,0
"f2151",0.00256019226577071,0
"f2152",-0.0295312825047277,0
"f2153",0.0121122931128768,0
"f2154",0.0169453845689269,0
"f2155",-0.000923231759540914,0
"f2156",-0.0138066893717359,0
"f2157",0.0257939407824778,0
"f2158",-0.000647943610023069,0
"f2159",0.00363064497744711,0
"f2160",-0.0255290514116241,0
"f2161",0.000389113026536438,0
"f2162",-0.0171776738162525,0
"f2163",-0.0179148904978017,0
"f2164",-0.0145103777573097,0
"f2165",-0.0216245312502957,0
"f2166",-0.0674348899320652,0
"f2167",0.0031449880033504,0
"f2168",-0.00196062111734211,0
"f2169",0.0235737453792275,0
"f2170",-0.0311303956583059,0
"f2171",-0.00592652782568582,0
"f2172",-0.00428148718517516,0
"f2173",-0.0260318189307728,0
"f2174",-0.0100001837442538,0
"f2175",-0.0216718364946117,0
"f2176",-0.0241792553839718,0
"f2177",-0.0181139568057056,0
"f2178",-0.0279414548694506,0
"f2179",-0.0257714570362858,0
"f2180",-0.00170829806086393,0
"f2181",0.00535580996578428,0
"f2182",0.0139954386241529,0
"f2183",0.00667490001547018,0
"f2184",-0.0195555136879626,0
"f2185",0.0202674682076199,0
"f2186",0.00664590134262235,0
"f2187",0.000618153167669677,0
"f2188",-0.0204859249787647,0
"f2189",-0.0248082494392026,0
"f2190",-0.00399461055834872,0
"f2191",0.00665134026903891,0
"f2192",-0.0294297514074531,0
"f2193",-0.0182074624357611,0
"f2194",-0.0345101943452596,0
"f2195",-0.0115392452096357,0
"f2196",0.0270519261744114,0
"f2197",-0.033815504763709,0
"f2198",-0.036818811627653,1
"f2199",0.0288718157085613,0
"f2200",-0.018228778624601,0
"f2201",-0.0150125466826558,0
"f2202",-0.00682711998729285,0
"f2203",0.0112286615418326,0
"f2204",-0.0280800077521767,0
"f2205",-0.0391962621279293,0
"f2206",-0.00210980621940168,0
"f2207",-0.0147791453398376,0
"f2208",-0.00770632158639147,0
"f2209",0.0222531947899037,0
"f2210",0.0393286403016162,0
"f2211",0.0375809617151492,0
"f2212",-0.0320308495144819,0
"f2213",0.0328762532770986,0
"f2214",0.00888961501726566,0
"f2215",-0.00488200268764371,0
"f2216",0.00414626501006925,0
"f2217",-0.0156336740245253,0
"f2218",-0.00738331395329303,0
"f2219",-0.027259761255634,0
"f2220",-0.00934797921727588,0
"f2221",-0.0282281925198951,0
"f2222",0.0216290786246585,0
"f2223",0.0440978094949023,0
"f2224",0.023237392357053,0
"f2225",-0.0227499051811327,0
"f2226",0.00596814716720346,0
"f2227",0.00267337127767349,0
"f2228",0.00643309209616587,0
"f2229",-0.00161331865200615,0
"f2230",-0.00113120371352982,0
"f2231",0.004413197802885,0
"f2232",0.00391791360157018,0
"f2233",-0.0207159346140749,0
"f2234",0.0314892932960127,0
"f2235",-0.0455933974519368,1
"f2236",0.0154799833471438,0
"f2237",-0.0232481864029935,0
"f2238",0.000179871645430788,0
"f2239",0.000266255180922229,0
"f2240",0.0043959647564877,0
"f2241",0.0119445379417656,0
"f2242",0.00370816905912541,0
"f2243",0.011962413385805,0
"f2244",-0.0138424903021207,0
"f2245",-0.00614124122944255,0
"f2246",-0.00247818535417945,0
"f2247",-0.0050587841787563,0
"f2248",-0.0210790350201093,0
"f2249",-0.00405084139470207,0
"f2250",-0.0126465793588555,0
"f2251",0.00454853351224235,0
"f2252",0.00167052436482362,0
"f2253",-0.0137396413154536,0
"f2254",-0.00533533433475291,0
"f2255",0.00391143153303501,0
"f2256",0.00032436529885649,0
"f2257",0.000276306236359244,0
"f2258",0.0103934397723999,0
"f2259",0.0145427960052166,0
"f2260",0.00655041098870506,0
"f2261",0.0158701507168519,0
"f2262",-0.00675913177324695,0
"f2263",0.0119255991406876,0
"f2264",0.000208923034123201,0
"f2265",0.0119834306993674,0
"f2266",-0.00167205529599183,0
"f2267",-0.00993172484277917,0
"f2268",-0.0155346293638467,0
"f2269",-0.00732469886825997,0
"f2270",0.0134429753016357,0
"f2271",-0.019155632278642,0
"f2272",-0.00660253749109626,0
"f2273",0.00164657306287837,0
"f2274",0.00511324887516637,0
"f2275",-0.0268104225865544,0
"f2276",-0.0291464778030469,0
"f2277",0.00556270257493788,0
"f2278",-0.00885255639327356,0
"f2279",0.00764543772817391,0
"f2280",-0.00955471953232537,0
"f2281",-0.0202685212069821,0
"f2282",-0.00127941874806881,0
"f2283",-0.0301350039022405,0
"f2284",-0.00928775351572752,0
"f2285",0.00111558848668845,0
"f2286",-0.0177249317475399,0
"f2287",-0.00513199265362533,0
"f2288",0.0150246162522534,0
"f2289",0.0022844939674801,0
"f2290",0.00642943965594593,0
"f2291",0.000493723766742944,0
"f2292",0.0371208597196421,0
"f2293",0.00863387727064665,0
"f2294",0.00600741356792078,0
"f2295",0.0128151551768758,0
"f2296",0.0135930052838901,0
"f2297",0.0326242792106573,0
"f2298",0.0184352611672595,0
"f2299",0.0201528623911603,0
"f2300",0.000954575228266836,0
"f2301",-0.0166277255003372,0
"f2302",-0.0182086308087174,0
"f2303",-0.0115136554637992,0
"f2304",-0.0166275489734697,0
"f2305",0.0236408185929549,0
"f2306",0.0245163713322357,0
"f2307",-0.0197521397550516,0
"f2308",0.0172161896062986,0
"f2309",-0.00935496291243051,0
"f2310",0.00522766225063329,0
"f2311",0.00416967963630381,0
"f2312",0.0167410263218542,0
"f2313",-0.00629106739444121,0
"f2314",0.0025453937748653,0
"f2315",0.00217500554231571,0
"f2316",-0.00505446869634719,0
"f2317",0.00569844448949459,0
"f2318",-0.00114933651004023,0
"f2319",0.00730741882609385,0
"f2320",0.000419431745607769,0
"f2321",-0.0172468161743464,0
"f2322",-0.0118874144534623,0
"f2323",-0.0422774083921655,1
"f2324",0.0449326927284671,1
"f2325",-0.0167532992152974,0
"f2326",-0.008747856582328,0
"f2327",-0.0209033882395742,0
"f2328",-0.0263890070540695,0
"f2329",-0.0316871501194051,0
"f2330",0.0332474725791405,0
"f2331",0.00602808755367741,0
"f2332",-0.0152470196141294,0
"f2333",0.036089808556637,0
"f2334",-0.0235596858447112,0
"f2335",0.00189017339322689,0
"f2336",-0.0120869217775377,0
"f2337",-0.0411968892782538,0
"f2338",-0.0223740844338103,0
"f2339",-0.0187849391502794,0
"f2340",-0.00258660354247287,0
"f2341",0.00630653103565527,0
"f2342",0.0225925851104827,0
"f2343",-0.0170867398858004,0
"f2344",-0.0122574608324355,0
"f2345",0.0128712060896465,0
"f2346",0.0138931676736717,0
"f2347",0.00369003213491828,0
"f2348",0.0038393535565599,0
"f2349",-0.00656488921705907,0
"f2350",-0.00135781218001644,0
"f2351",0.0125844686911745,0
"f2352",-0.0044120319831369,0
"f2353",0.00249694569882727,0
"f2354",0.00116038544694056,0
"f2355",0.0104065485216382,0
"f2356",-0.000141507756710034,0
"f2357",-0.0262359304776958,0
"f2358",-0.0224576194024224,0
"f2359",-0.00529829414690628,0
"f2360",-0.0346030445881196,0
"f2361",-0.0238411668339618,0
"f2362",-0.00694794845331837,0
"f2363",-0.00345431289748137,0
"f2364",-0.000394975617989413,0
"f2365",-0.0183721677940839,0
"f2366",-0.00659141454276209,0
"f2367",0.00641044039678635,0
"f2368",0.000212881908657115,0
"f2369",0.01766803642752,0
"f2370",-0.0119807334990385,0
"f2371",-0.00137986995664432,0
"f2372",-0.00335684732339863,0
"f2373",0.00580368766937077,0
"f2374",-0.0142737483822362,0
"f2375",0.00867997673695507,0
"f2376",0.0192558696468134,0
"f2377",-0.000774256723464855,0
"f2378",-0.0270690407486078,0
"f2379",-0.0112833279302929,0
"f2380",-0.014591409969969,0
"f2381",-0.0172604696858532,0
"f2382",-0.00771377681390654,0
"f2383",-0.0123630004441263,0
"f2384",0.0166217797712348,0
"f2385",-0.022283794814341,0
"f2386",0.0095805248234633,0
"f2387",-0.000329623358730927,0
"f2388",0.0117916310272275,0
"f2389",0.00231085472089561,0
"f2390",-0.00409408392104155,0
"f2391",-0.0120171353530436,0
"f2392",-0.0128816997740243,0
"f2393",0.0176634654653375,0
"f2394",-0.0202222450234724,0
"f2395",0.00305112726511247,0
"f2396",-0.0140666032687599,0
"f2397",-0.0100469623016328,0
"f2398",-0.0104977752701572,0
"f2399",0.0389248020266129,0
"f2400",-0.00360133449365903,0
"f2401",-0.000223520946976916,0
"f2402",0.0152621562360556,0
"f2403",0.00353327097496391,0
"f2404",-0.0007913990802482,0
"f2405",-0.00130207410852284,0
"f2406",0.000592296584951096,0
"f2407",0.0223350794518359,0
"f2408",-0.0107659858943164,0
"f2409",0.00679359059158736,0
"f2410",-0.0145270387715178,0
"f2411",-0.0050083951374025,0
"f2412",0.0267466375864793,0
"f2413",-0.00778154438868937,0
"f2414",-0.0361964676332897,0
"f2415",-0.0194791225524486,0
"f2416",0.0493638283949391,1
"f2417",-0.0022130504483837,0
"f2418",0.00502860543080488,0
"f2419",-0.00453081440481744,0
"f2420",-0.0167098100606767,0
"f2421",0.00153107120472714,0
"f2422",-0.00898341282947946,0
"f2423",0.0188773215199584,0
"f2424",-0.0233072329314611,0
"f2425",0.00181830907997856,0
"f2426",-0.0199786466555774,0
"f2427",-0.0282392882593524,0
"f2428",-0.01617786215749,0
"f2429",0.00858612120935658,0
"f2430",0.00569259722168415,0
"f2431",0.0133816388319949,0
"f2432",-0.0292099756841324,0
"f2433",-0.0243411405367912,0
"f2434",-0.00861504723625342,0
"f2435",-0.0051781759826774,0
"f2436",-0.0162134529926477,0
"f2437",-0.00678569360834864,0
"f2438",0.00332061256131303,0
"f2439",-0.0221743011264817,0
"f2440",0.0112801710410014,0
"f2441",-0.0215113641389966,0
"f2442",-0.0269883546934765,0
"f2443",0.00741754220692709,0
"f2444",-0.0148322348910065,0
"f2445",-0.030350216450651,0
"f2446",-0.0186486281847873,0
"f2447",-0.00518368529103473,0
"f2448",-0.0151363275528379,0
"f2449",-0.0117467027994814,0
"f2450",-0.00585445637545871,0
"f2451",-0.00423223552008171,0
"f2452",-0.00372336248238136,0
"f2453",0.0123333391070735,0
"f2454",-0.00257528033724947,0
"f2455",-0.00555175416550111,0
"f2456",0.0048885548837604,0
"f2457",0.0102044296240037,0
"f2458",-0.0200640090010929,0
"f2459",-0.0127298895268096,0
"f2460",0.0177039288908387,0
"f2461",0.0130939201428724,0
"f2462",0.0188553288346507,0
"f2463",0.0347904850507553,0
"f2464",-0.0152750519863417,0
"f2465",0.0324541280611123,0
"f2466",0.00593865430330495,0
"f2467",-0.0116600798820423,0
"f2468",0.0277621797250312,0
"f2469",0.0131700786418879,0
"f2470",0.00152792693747119,0
"f2471",-0.0236315242194337,0
"f2472",0.0354268723729218,0
"f2473",-0.00859644880424304,0
"f2474",-0.00726256013570223,0
"f2475",0.0266598382334373,0
"f2476",-0.00229884664502651,0
"f2477",-0.00961175820555703,0
"f2478",-0.00763535275276624,0
"f2479",-0.0101383593596888,0
"f2480",0.0143301093943674,0
"f2481",0.0229307250277194,0
"f2482",0.0178971305707751,0
"f2483",-0.0050007330189514,0
"f2484",-0.00561391151839583,0
"f2485",-0.00929162719167043,0
"f2486",0.00763661322672643,0
"f2487",-0.0142179210320481,0
"f2488",0.00399337966455955,0
"f2489",-0.000171427416495843,0
"f2490",-0.0042113175680456,0
"f2491",0.0140819417650872,0
"f2492",0.0189794090264384,0
"f2493",0.00936340764001358,0
"f2494",-0.0194823231189298,0
"f2495",0.00299667825838999,0
"f2496",-0.00514038146962784,0
"f2497",-0.019919374775374,0
"f2498",0.0301819789563722,0
"f2499",-0.031697161624467,1
"f2500",-0.00416940094402971,0
"f2501",-0.0130295682275998,0
"f2502",-0.0132720675856809,0
"f2503",-0.0186583684730732,0
"f2504",0.011358876571054,0
"f2505",-0.010859085092771,0
"f2506",0.0120239408696132,0
"f2507",-0.00545119035211227,0
"f2508",-0.0220689785394468,0
"f2509",0.00270491692110469,0
"f2510",-0.0126108382028987,0
"f2511",-0.00507564948394056,0
"f2512",-0.0214892707573352,0
"f2513",0.0146510967633399,0
"f2514",0.0148802935665941,0
"f2515",-0.0135502163949403,0
"f2516",-0.00898584906230878,0
"f2517",-0.0148808596030484,0
"f2518",-0.00066016369808025,0
"f2519",-0.00913452143283967,0
"f2520",-0.028219800328847,0
"f2521",-0.0236717772860059,0
"f2522",-0.00029896204230927,0
"f2523",-0.0115574606098932,0
"f2524",0.00661194820323873,0
"f2525",0.00872064608531587,0
"f2526",0.019663870695056,0
"f2527",0.00133229773641713,0
"f2528",0.00371021361075503,0
"f2529",0.0243440304689984,0
"f2530",0.000274587466528191,0
"f2531",-0.0110020103890875,0
"f2532",0.0100274130078524,0
"f2533",-0.00169039076515254,0
"f2534",0.00692804421684357,0
"f2535",-0.00159714329233909,0
"f2536",0.0076640086840213,0
"f2537",-0.0147127921911928,0
"f2538",-0.00865574132180439,0
"f2539",0.0175088627601678,0
"f2540",0.00265400801415019,0
"f2541",0.00385988685890754,0
"f2542",-0.00526237315884542,0
"f2543",0.0131372409906528,0
"f2544",0.00139950174845109,0
"f2545",-0.00582415873696554,0
"f2546",-0.0148730579803178,0
"f2547",-0.00535835287622262,0
"f2548",0.0138533319339241,0
"f2549",-0.00377818901692374,0
"f2550",-0.00681133548102699,0
"f2551",-0.00053391622669438,0
"f2552",-0.00490546016234732,0
"f2553",0.0163973608752979,0
"f2554",0.00404781314965848,0
"f2555",0.0210598522482231,0
"f2556",-0.0173805308383857,0
"f2557",0.0142406138553379,0
"f2558",0.0404757015919878,1
"f2559",0.0224819879435736,0
"f2560",0.00254544850673922,0
"f2561",0.00791393776075826,0
"f2562",-0.00498268604569523,0
"f2563",-0.00447895061608446,0
"f2564",-0.0107478818803001,0
"f2565",0.0105251173585787,0
"f2566",-0.0117087766547696,0
"f2567",-0.0111022887138724,0
"f2568",-0.00963197460021545,0
"f2569",-0.011805224462856,0
"f2570",-0.0148001640364707,0
"f2571",0.0019683120018244,0
"f2572",-0.00141866012442418,0
"f2573",-0.00726736151114472,0
"f2574",-0.00536638735404962,0
"f2575",-0.0227741498851916,0
"f2576",0.00136463106398283,0
"f2577",0.00543603106041155,0
"f2578",0.00683294306848319,0
"f2579",0.0129486895922154,0
"f2580",-0.0155840379115367,0
"f2581",0.0210475710549,0
"f2582",-0.0114286443062218,0
"f2583",-0.00877222734941999,0
"f2584",0.00838645876538838,0
"f2585",0.00612824026230462,0
"f2586",-0.00563972175339505,0
"f2587",-0.00433463990702891,0
"f2588",-0.00873764511005747,0
"f2589",-0.0140580114695602,0
"f2590",-0.0151378920564022,0
"f2591",-0.0068885379906263,0
"f2592",0.014260134743134,0
"f2593",-0.0159836597837345,0
"f2594",0.00381048216662362,0
"f2595",-0.00261497225830283,0
"f2596",-0.00784111133815795,0
"f2597",0.00428181570500991,0
"f2598",-0.00518579353061678,0
"f2599",0.00479862213766577,0
"f2600",0.0070089183487402,0
"f2601",3.03174739887743e-05,0
"f2602",-0.00169512513118577,0
"f2603",0.0275212968678665,0
"f2604",0.00365009785900373,0
"f2605",0.0202964466933734,0
"f2606",-0.0057584596997274,0
"f2607",-0.00189606684974575,0
"f2608",-0.0103456516266236,0
"f2609",0.00910499348185333,0
"f2610",0.0100333436505546,0
"f2611",-0.0269757577778818,0
"f2612",-0.0078941613152529,0
"f2613",0.0148104209588273,0
"f2614",0.00525135114845643,0
"f2615",-0.0133806435272291,0
"f2616",0.00622214113498746,0
"f2617",-0.00698594077053352,0
"f2618",-0.00622704108814789,0
"f2619",-0.00232463907676599,0
"f2620",-0.013405956036075,0
"f2621",-0.018688465748289,0
"f2622",-0.00745656526503112,0
"f2623",-0.0113959340675672,0
"f2624",-0.00768784396468893,0
"f2625",0.0127127782775818,0
"f2626",-0.0289036350715299,0
"f2627",-0.000248941682217541,0
"f2628",0.00241777876705091,0
"f2629",-0.00593061520214983,0
"f2630",-0.000936126352681412,0
"f2631",-0.0247054059344014,0
"f2632",0.00809969598498291,0
"f2633",0.00622487971559962,0
"f2634",-0.00285107154742032,0
"f2635",0.00438874285307642,0
"f2636",-0.00910730154104143,0
"f2637",-0.0119306003127998,0
"f2638",0.00819986098385843,0
"f2639",0.0157347446583443,0
"f2640",-0.00708636994767104,0
"f2641",-0.0227052423106159,0
"f2642",0.00525737426711169,0
"f2643",0.0108711494012453,0
"f2644",0.00778380223088602,0
"f2645",0.00634977051654494,0
"f2646",-0.00946175298744217,0
"f2647",0.00543428294451712,0
"f2648",-0.00755233452979773,0
"f2649",0.000567365772807807,0
"f2650",-0.00644638866833343,0
"f2651",0.0160734060886969,0
"f2652",0.00677724131603053,0
"f2653",-0.0247047269125282,0
"f2654",-0.00895420217109707,0
"f2655",-0.00600941349421693,0
"f2656",-0.00939409744182749,0
"f2657",-0.0148051746938229,0
"f2658",0.00815203578019357,0
"f2659",-0.00990471020997208,0
"f2660",0.0154785401658375,0
"f2661",0.00914696552161235,0
"f2662",0.00316518051150289,0
"f2663",-0.0151365015984138,0
"f2664",0.00605900053750532,0
"f2665",0.00746848574642728,0
"f2666",0.0103767959588754,0
"f2667",-0.00601250381153971,0
"f2668",0.00139490995407065,0
"f2669",0.00443417444112493,0
"f2670",-0.00920563712872856,0
"f2671",-0.00891178273729612,0
"f2672",0.00408006379192984,0
"f2673",0.0143613648236392,0
"f2674",0.00314524597744163,0
"f2675",-0.00310696867181839,0
"f2676",-0.00109019571756047,0
"f2677",0.00623662227635352,0
"f2678",0.0122443596797569,0
"f2679",0.0473067846554657,0
"f2680",0.0142151982360327,0
"f2681",0.0196405615046104,0
"f2682",0.0228495353128853,0
"f2683",0.00129846912141358,0
"f2684",-0.0182228886282373,0
"f2685",-0.0151793364674568,0
"f2686",0.0038798170887099,0
"f2687",0.00217590614970635,0
"f2688",0.024502458271282,0
"f2689",0.0164983416347257,0
"f2690",-0.014067409102122,0
"f2691",0.00672101848821269,0
"f2692",-0.0162072967453335,0
"f2693",0.029272914170145,0
"f2694",-0.00490237659574109,0
"f2695",0.0298118341432026,0
"f2696",0.0281833549422806,0
"f2697",0.0372238581080519,0
"f2698",0.0313935573367619,0
"f2699",0.0376490615118645,0
